{"chunk_definitions":[{"chunk_id":"csetup_chunk","chunk_label":"setup","document_id":"2831F928","expansion_state":0,"options":{"engine":"r","include":false,"label":"setup"},"row":11,"row_count":1,"visible":true},{"chunk_id":"cggrtbgxwfhgh","chunk_label":"principal producing metal mines","document_id":"2831F928","expansion_state":0,"options":{"engine":"r","label":"principal producing metal mines"},"row":43,"row_count":1,"visible":true}],"default_chunk_options":{"echo":true,"error":false},"doc_write_time":1491602111,"working_dir":null}