{"chunk_definitions":[{"chunk_id":"csetup_chunk","chunk_label":"setup","document_id":"5F1987","expansion_state":0,"options":{"engine":"r","include":false,"label":"setup"},"row":18,"row_count":1,"visible":true},{"chunk_id":"c8elky1276lxd","chunk_label":"Full prices","document_id":"694CEFE3","expansion_state":0,"options":{"engine":"r","label":"Full prices"},"row":59,"row_count":1,"visible":true},{"chunk_id":"cg0gjn7mcbh1l","chunk_label":"commodity price","document_id":"5F1987","expansion_state":0,"options":{"engine":"r","label":"commodity price"},"row":81,"row_count":1,"visible":true},{"chunk_id":"c1aq85ggsajwb","chunk_label":"mine grades 2010","document_id":"5F1987","expansion_state":0,"options":{"engine":"r","label":"mine grades 2010"},"row":126,"row_count":1,"visible":true},{"chunk_id":"cnn2cr4megjnm","chunk_label":"mine price","document_id":"5F1987","expansion_state":0,"options":{"engine":"r","label":"mine price"},"row":139,"row_count":1,"visible":true},{"chunk_id":"crqi2r317jpcm","chunk_label":"figure","document_id":"5F1987","expansion_state":0,"options":{"engine":"r","label":"figure"},"row":168,"row_count":1,"visible":true},{"chunk_id":"cu27se3n0dgom","chunk_label":"unnamed-chunk-1","document_id":"5F1987","expansion_state":0,"options":{"engine":"r","label":"unnamed-chunk-36"},"row":183,"row_count":1,"visible":true},{"chunk_id":"c77zqacp3za3s","chunk_label":"unnamed-chunk-3","document_id":"694CEFE3","expansion_state":0,"options":{"engine":"r","label":"unnamed-chunk-30"},"row":208,"row_count":1,"visible":true}],"chunk_rendered_width":700,"default_chunk_options":{"echo":true,"error":false},"doc_write_time":1487022307,"working_dir":null}