{"chunk_definitions":[{"chunk_id":"csetup_chunk","chunk_label":"setup","document_id":"E1B16E09","expansion_state":0,"options":{"engine":"r","include":false,"label":"setup"},"row":9,"row_count":1,"visible":true},{"chunk_id":"cwkh3ns1qw4hw","chunk_label":"load packages","document_id":"A028A9B2","expansion_state":0,"options":{"engine":"r","label":"load packages"},"row":16,"row_count":1,"visible":true},{"chunk_id":"c0ayrowm5ddpj","chunk_label":"import data","document_id":"E1B16E09","expansion_state":0,"options":{"engine":"r","label":"import data"},"row":23,"row_count":1,"visible":true},{"chunk_id":"c7043vql6crtu","chunk_label":"Match by city","document_id":"E1B16E09","expansion_state":0,"options":{"engine":"r","label":"Match by city"},"row":37,"row_count":1,"visible":true},{"chunk_id":"cc3e8oyv2losp","chunk_label":"match 1980","document_id":"B573EC89","expansion_state":0,"options":{"engine":"r","label":"match 1980"},"row":48,"row_count":1,"visible":true},{"chunk_id":"cbaz48gfz5329","chunk_label":"unnamed-chunk-1","document_id":"B573EC89","expansion_state":0,"options":{"engine":"r","label":"unnamed-chunk-30"},"row":84,"row_count":1,"visible":true}],"default_chunk_options":{"echo":true,"error":false},"doc_write_time":1512163462,"working_dir":null}