"0","x <- read.delim(""/Users/batta/Dropbox/phd4/monopsony/price-index/mine-grades.tsv"")"
"0","x.proven <- x %>% "
"0","	filter(mine != ""Provable"" )"
"0","	"
"0","proven <- x.proven$mine %>% "
"0","	grep(""^(Proven)"",.)"
"0","# reminder: Proven (stock) is replaced by Proven (mine)"
"0","x.proven$mine[proven] <- x.proven$mine[proven-1]"
"0","tmp <- x %>% "
"0","	filter(Tonnes=="""")"
"0","mine <- data.frame(grep(""^[^\\*]"",tmp$mine, value = TRUE))"
"0","names(mine) <- ""mine"""
"0","# add province character to mines."
"0","province <- grep(""^\\*"",x.proven$mine)"
"0","tmp2 <- as.character(rep(x.proven$mine[province[1]], (province[2]-province[1])))"
"0","for (i in 2:(length(province)-1)){"
"0","	tmp3 <- as.character(rep(x.proven$mine[province[i]], (province[(i+1)] - province[i])))"
"0","	tmp2 <- c(tmp2, tmp3)"
"0","}"
"0","tmp3 <- as.character(rep(x.proven$mine[province[length(province)]], (nrow(x.proven)-province[length(province)]+1)))			 "
"0","tmp2 <- c(tmp2,tmp3)"
"0","x.proven$prov <- tmp2"
"0","mine.proven <- inner_join(x.proven, mine, by = ""mine"") %>% "
"0","	filter(Tonnes!="""") # 56 mines in 2010 that are favourable"
"2","joining factors with different levels, coercing to character vector"
"0","tmp <- mine.proven"
"0","# clean n.a."
"0","for (i in 3:9){"
"0","	tmp[,i] <- str_replace(mine.proven[, i], ""(n\\.a\\.)|(x)|(\\.\\s\\.)"", ""0"")"
"0","}"
"0","mine.proven.all <- tmp"
"0","mine.proven <- tmp %>% "
"0","	filter(Mo ==0)"
