NOTE,COMPANY,COMPANY2,COMPANY3,MINESITE_HANDBOOK,MINESITE,LOCATION_HANDBOOK,LOCATION,PRODUCT,PROVINCE,TONNE,TON,GPMT,OPT,MTPD,TPD,TPY,OZ,POUND,KG,UG,OP,METALLUGIC_DIST,METALLURGIC_SITE,COMP_INT,ORE_HOIST_CAP,OPERATION_TIME,OPERATION_RATE,CAPACITY(TPD),OPER_COST_MILL,OPER_COST,PROD_COST,CASH_COST,ORE_MILLED,GOLD_PROD,GOLD_GRADE,GOLD_PROD_RATE,GOLD_RECOVERY,SILVER_PROD,SILVER_GRADE,SILVER_PROD_RATE,SILVER_RECOVER,COPPER_PROD,COPPER_GRADE,COPPER_PROD_RATE,COPPER_RECOVER,ZINC_PROD,ZINC_GRADE,ZINC_PROD_RATE,ZINC_RECOVER,LEAD_PROD,LEAD_GRADE,LEAD_PROD_RATE,LEAD_RECOVER,URANIUM_PROD,URANIUM_GRADE,URANIUM_PROD_RATE,MOLYBDENUM_PROD,MOLYBDENUM_GRADE,MOLYBDENUM_PROD_RATE,MOLYBDENUM_RECOVER,NIOBIUM_PENTOXIDE_PROD,TIN_GRADE,SALE,BEGIN_DATE,SUSPEND_DATE,REOPEN_DATE,DURATION
"Abcourt-Barvue Mine, production is to June 30 1989. Grades are for concentrate.",Abcourt Mines Inc.,,,,Barvue Mine,,,,QUEBEC,,,,,,,,,,,,,,,,,,,,,,,,118458,,,,,,,,,,,,,,,,,,,,,,,,,,,,,,,,199003,,
,Afton Operating Corporation,,,,,,Kamloops,,BRITISH COLUMBIA,,,,,,,,,,,,,,,,,,,,,,,,,,,,,,,,,,,,,,,,,,,,,,,,,,,,,,,,,,
Joutei Division incl Agnico-Eagle Mine and Telbel Mine,Agnico-Eagle Mines Limited,,,Agnico-Eagle Mine and Telbel Mine,Gold Division,,Joutei,,QUEBEC,,1,,1,,,,,,,,,,,,,,,,,,,,430029,72004,0.189,,,,,,,,,,,,,,,,,,,,,,,,,,,,,,1974/1984,,
"Weird, should be a big company",Algoma Steel Corp. Ltd.,,,,Algoma Ore Division,,Wawa,,ONTARIO,,,,,,,,,,,,,,,,,,,,,,,,,,,,,,,,,,,,,,,,,,,,,,,,,,,,,,,,,,
,American Barrick Resources Corp,,,Camflo Mine,,,Malartic,,QUEBEC,,1,,1,,,,1,,,,,,,,,,,,,,294,294,353678,26629,0.081,0.075573,,,,,,,,,,,,,,,,,,,,,,,,,,,,1965,,,
,American Barrick Resources Corp.,,,Holt-McDermott Mine,Holt-McDermott Mine,Kirkland Lake,,,ONTARIO,,1,,1,,1,,,,,,,,,,,,,1500,,,,284,559148,63354,0.12,0.11364,,,,,,,,,,,,,,,,,,,,,,,,,,,,198806,,,
,Audrey Resources Inc.,,,,Mobrun Mine,Rouyn-Noranda,,,QUEBEC,,,,,,,,,,,,,,,100,,,,1100,,,,,,,,,,,,,,,,,,,,,,,,,,,,,,,,,,,,,198808,198908,
"Mine cap not mill cap 61000 tons per year, enter custom milling agreement with Belmoral Mines.",Aur Resources Inc.,,,Kierens Mine,,,Malartic,,QUEBEC,,,,,,,,1,,,,,,,100,,,,,,,,,,4020,,,,,,,,,,,,,,,,,,,,,,,,,,,,,,198907,,,
,Aurizon Mines Ltd.,,,,Sleeping Giant Mine,,,,QUEBEC,,,,,,,,,,,,,,,,,,,,,,,,,,,,,,,,,,,,,,,,,,,,,,,,,,,,,,,,,,
1989 explor commenced,Aurtec Mining Development Inc. ,,,,,,Montauban,,QUEBEC,,,,,,,,,,,,,,,,,,,,,,,,,,,,,,,,,,,,,,,,,,,,,,,,,,,,,,,,,,
,Belmoral Mines Ltd.,,,Ferderber Mine,,,Val d'Or,,QUEBEC,,1,,1,,1,,1,,,,,,mill,,1950,,,1500,,,,,176474,35211,0.209,,,,,,,,,,,,,,,,,,,,,,,,,,,,,,,,
,Belmoral Mines Ltd.,,,Dumont Mine,,,Val d'Or,,QUEBEC,,1,,1,,1,,1,,,,,,,,1650,,,1500,,,,,176474,35211,0.209,,,,,,,,,,,,,,,,,,,,,,,,,,,,,,,,
80% of copper conc prod sold to Japanese smelters.,BHP - Utah Mines Ltd.,,,Island Copper Mine,,,Port Hardy,,BRITISH COLUMBIA,,,,,,1,,,,,,,,,,,,,55000,,,,,,,,,,,,,,,,,,,,,,,,,,,,,,,,,,,,,,,
,Blackdome Mining Corp.,,,Blackdome Mine,,,Black Dome Mountain,,BRITISH COLUMBIA,,1,,1,,1,,1,,,,,,,,,,,200,,,,,81326,53384,0.069,0.065757,,,,,,,,,,,,,,,,,,,,,,,,,,,,1988,,,
,Bond Gold Canada Inc.,,,,Golden Patricia Mine,Pickle Lake,,,ONTARIO,,,,,,1,,1,,,,,,,,,,,,,,,,300,43461,,,0.942,,,,,,,,,,,,,,,,,,,,,,,,,,,,,,
Total $15.5 million charged against earnings as est mine closure costs.,Brenda Mines Ltd.,,,,,,Peachland,,BRITISH COLUMBIA,,,,,,1,,,,,,,,,,,,,30000,,,,,12745598,,,,,,,,,,0.161,0.142646,,,,,,,,,,,,,,0.034,0.028594,,,,,197001,,,1
Has record for concentration but not pure metal.,Brunswick Mining and Smelting Corp. Ltd.,,,Brunswick Mine,,,Bathurst,,NEW BRUNSWICK,1,,,,,1,,,,,,,,,,,,,10000,,,,,3022618,,,,,,,,,,,,,,,,,,,,,,,,,,,,,,,,,,
,Cambior Inc.,,,,Pierre Beauchemine Mine,Rouyn-Noranda,,,QUEBEC,,1,,1,,,,1,,,,,,,100,,,,,,,,,263900,35968,,,,,,,,,,,,,,,,,,,,,,,,,,,,,,198901,,,
Mill prod will be shipped to Yvan Vezina Mill for completion of gold recovery.,Cambior Inc.,,,,Lucien Beliveau Mine,Val d'or,,,QUEBEC,,,1,,1,,,,,,,,,,100,,,,,,,,,97000,,0.1,,,,,,,,,,,,,,,,,,,,,,,,,,,,,198906,,,
"Suspended July 1989 due in response to mkt devs; solvent extraction plant upgraded during closure. Mar 30, 1990 sold 33.33% to Uranerz",Cameco - A Canadian Mining & Energy Corp.,,,,,,Rabbit Lake-Eagle Point,,SASKATCHEWAN,,,,,,,,,,,,,,mill,100,,,,,,,,,,,,,,,,,,,,,,,,,,,,,,,,,,,,,,,1,,198907,,
U3O8,Cameco - A Canadian Mining & Energy Corp.,,,,,,Key lake,,SASKATCHEWAN,,,,,,,,,1,,,,,,66.7/33.33,,,,,,,,,,,,,,,,,,,,,,,,,,,,,,12700000,,,,,,,,,,,,,
,Campbell Resources Inc.,,,,,,Chibougamau,,QUEBEC,,,,,,,,,,,,,,,,,,,,,,,,,,,,,,,,,,,,,,,,,,,,,,,,,,,,,,,,,,
,Campbell Resources Inc.,,,,Joe Mann Mine,,Chibougamau,,QUEBEC,,,,,,,,,,,,,,,,,,,,,,,,,,,,,,,,,,,,,,,,,,,,,,,,,,,,,,,,,,
,Canamax Resources Inc.,,,,Bell Creek Mine,,,,ONTARIO,1,,,,1,,,1,,,1,,,,100,,,,400,,,,348,132054,27778,,,,,,,,,,,,,,,,,,,,,,,,,,,,,,198701,,,
,Canamax Resources Inc.,,,,Kremzer Mine,,,,ONTARIO,1,,,,1,,,1,,,,,,,,,,,450,,,,408,191015,24238,,,93.5,,,,,,,,,,,,,,,,,,,,,,,,,,,198812,,,
,Canamax Resources Inc.,,,,Ketza River Mine,,,,YUKON TERRITORY,1,,,,1,,,1,,,,,,,,,,,320,,,,395,119789,39097,,,89.7,,,,,,,,,,,,,,,,,,,,,,,,,,,198807,,,
"Gold prop, Hedley Tailings project. Record is for tailing",Candorado Mines Ltd.,,,,,,Hedley,,BRITISH COLUMBIA,,,,,,,,,,,,,,,55/45,,,,,,,,,,,,,,,,,,,,,,,,,,,,,,,,,,,,,,,,198906,,,
,Cheni Gold Mines Inc.,,,,Lawyers Mine,,,,BRITISH COLUMBIA,,,,,,,,1,,,,,,,,,,,,,,,215,,46800,,,,877000,,,,,,,,,,,,,,,,,,,,,,,,,,198903,,,
,Cluff Mining,,,,,,Cluff Lake,,SASKATCHEWAN,,,,,,,,,,,,,,,,,,,,,,,,,,,,,,,,,,,,,,,,,,,,,,,,,,,,,,,,,,
"Mechanized m'g begsn 1978, completed 1985.",Cominco Ltd.,,,,Sullivan Mine,,Kimberley,,BRITISH COLUMBIA,,1,,,,,,,,,,,,,,,,,,,,,,1822200,,,,,,,,,,,,,,5.4,,,,4.4,,,,,,,,,,,,,1909,,,
Tons per year,Cominco Ltd.,,,,Polaris Mine,,Little Cornwallis Island,,NORTHWEST TERRITORIES,,1,,,,,1,,,,,,,,55/45,,,,1035000,,,,,1128000,,,,,,,,,,,,,,14.1,,,,3.5,,,,,,,,,,,,,198203,,,
,Corona Corp,,,,Jolu Mine,La Ronge,,,SASKATCHEWAN,,1,,1,,1,,1,,,,,,,30/70,,,,400,,,,,176713,75722,0.438,,97,,,,,,,,,,,,,,,,,,,,,,,,,,,198811,,,
Direct cost $485/oz,Corona Corp,,,,Nickel Plate Mine,,Hedley,,BRITISH COLUMBIA,,,,1,,1,,1,,,,,,,,,,,4000,,,,,1173990,,0.081,79492,84,102118,,,,,,,,,,,,,,,,,,,,,,,,,,,,,
"Two differnet areas, Vangorda has different reserve record",Curragh Resources Corporation,,,Faro Mine,,Vangorda Creek-Anvil,Faro,,YUKON TERRITORY,,,,,,1,,,,,,,,,,,,,13500,,,,,,,,,,,,,,,,,,,,,,,,,,,,,,,,,,,,1990,,,
,Denison Mines Ltd.,,,Denison Mine,,,Elliot Lake,,ONTARIO,,1,,,,1,,,1,,,,,,,,,,15000,,,,,2721000,,,,,,,,,,,,,,,,,,,,,4486000,,,,,,,,,,,,,
acq Cambior's 34% int in 198806.,Dickenson Mines Ltd.,,,,Arthur W. White Mine,Balmer Town,Balmertown,,ONTARIO,,1,,1,,1,,1,,,,,,,100,,,,900,,410,,,277000,,0.31,,88.7,,,,,,,,,,,,,,,,,,,,,,,,,,,,,,
,Dofasco Inc.,,,,Adams Mine,,Kirkland Lake,,ONTARIO,,,,,,,,,,,,,,,,,,,,,,,,,,,,,,,,,,,,,,,,,,,,,,,,,,,,,,,,,,
,Dofasco Inc.,,,,Sherman Mine,,Temagami,,ONTARIO,,,,,,,,,,,,,,,,,,,,,,,,,,,,,,,,,,,,,,,,,,,,,,,,,,,,,,,,,,
Amalg Dec 1989 into Agnico-Eagle Mines,Dumagami Mines Ltd.,,,Donald J. LaRonde Mine,Donald LaRonde Mine,Bousquet,Cadillac,,QUEBEC,,1,,1,,,,1,1,,,,,,,,,,,,,,,693825,84974,0.136,,,127339,,,,1394567,,,,,,,,,,,,,,,,,,,,,,198810,,,
Closed fall 1989 due to oper shortfalls,East West Caribou Mining Ltd.,,,,Caribou Mine,Bathurst,,,NEW BRUNSWICK,1,,,,1,,,,,,,,,,,,,,1800,,,,,,,,,,,,,,,,,,,,,,,,,,,,,,,,,,,,198901,198909,,
record is for 6 monyhs operation,Eastmaque Gold Mines Ltd.,,,Kirkland Lake tailings project,,,Kirkland Lake,,ONTARIO,,,,,,,,1,,,,,,,,,,,,,,,,,10840,,,53.6,,,,,,,,,,,,,,,,,,,,,,,,,,,198806,,,
,Echo Bay Mines Ltd.,,,,Lupin Mine,,Contwoyto Lake,,NORTHWEST TERRITORIES,,,,1,,1,,1,,,,,,,,,,,,,,,231,1893,195555,0.301,,94.3,,,,,,,,,,,,,,,,,,,,,,,,,,,198210,,,
FORWARD SALES has record,Equity Silver Mines Ltd.,,,Equity Silver Mine,,,Houston,,BRITISH COLUMBIA,,,,,,1,,,,,,,,,,,,9400,11000,,,,,3433000,,0.028,,38,,3.31,,63,,0.29,,71,,,,,,,,,,,,,,,,,,,198108,,,
,ERG Resources Inc.,,,Timmins Tailings Project,,,Timmins,,ONTARIO,,,,,,,,1,,,,,,,,,8,over 1 million tonnes per mo,1.2 million tonnes per mo,,,,,,36646,,,,,,,,,,,,,,,,,,,,,,,,,,,,,,,,,
,Falconbridge Gold Corp.,,,Owl Creek Mine,Owl Creek and Hoyle Pond Mines,,Timmins,,ONTARIO,1,,1,,,,,1,,,,,,,,,,,,,,,250,158645,19866,4.7,,83.3,,,,,,,,,,,,,,,,,,,,,,,,,,,198111,,,
ore shipped to custom facilities at FL's Kidd Creek opers.,Falconbridge Gold Corp.,,,Hoyle Pond Mine,Owl Creek and Hoyle Pond Mines,,Timmins,,ONTARIO,1,,1,,,,,1,,,,,,,,,,,,,,,257,109995,58540,17.9,,92.6,,,,,,,,,,,,,,,,,,,,,,,,,,,198511,,,
,Falconbridge Limited,,,,,,Falconbridge,,ONTARIO,,,,,,,,,,,,,,,,,,,,,,,,,,,,,,,,,,,,,,,,,,,,,,,,,,,,,,,,,,
Several plants in this area.,Falconbridge Ltd.,,,,Kidd Creek Mine,,Timmins,,ONTARIO,1,,,,,,,1,,,,,,"concentrator, smelter, refinery�",,,,,,,,,,,,,,,,,,,,,,,,,,,,,,,,,,,,,,,,,,,,17
Sold in 1989,Giant Yellowknife Mines Ltd.,,,,Ross Mine,,Holtyre,,ONTARIO,,,,,,,,,,,,,,,,,,,,,,,,,,,,,,,,,,,,,,,,,,,,,,,,,,,,,,1,,,,
,Giant Yellowknife Mines Ltd.,,,Timmins Division,,Timmins,Pamour,,ONTARIO,,1,,,,,,1,,,,,,,,,,,several mill,,494,,,1327373,92867,,,,,,,,,,,,,,,,,,,,,,,,,,,,,,,,,
,Giant Yellowknife Mines Ltd.,,,Yellowknife Division,,,Yellowknife,,NORTHWEST TERRITORIES,,1,,,,,,1,,,,,,,,,,,several mill,,494,,,393967/1094204,105146,,,,,,,,,,,,,,,,,,,,,,,,,,,,,,,,,
"All molybdenum production sold to Placer Dome Inc under contract to Oct 1, 1990. FORWARD SALES has record. New facility to recover copper from wate cap 25000 lb per day.",Gibraltar Mines Limited,,,,,,Mcleese Lake,,BRITISH COLUMBIA,,,,,,1,,,,,,,,,,,,,41000,,,,,12206000,,,,,,,,,,0.29,,80.1,,,,,,,,,,,,1196000,0.017,,45,,,,1972,,,10
,Golden Bear Operating Co. Ltd.,,,,Golden Bear Mine,,,,BRITISH COLUMBIA,,,,,,,,,,,,,,,,,,,,,,,,,,,,,,,,,,,,,,,,,,,,,,,,,,,,,,,,,,
,Hemlo Gold Mines Inc,,,,Golden Giant Mine,,,,ONTARIO,1,,1,,1,,,1,,,,,,,100,,,,3000,,,,,1020000,378000,11.9,,95.1,17800,,,,,,,,,,,,,,,,,,,,,,,,,,198504,,,16
"Partnership of differnet companies, record from cominco. In 1986, co combined opers with nearby mine % mill of Lornex M'g Corp to reduce costs.",Highland Valley Copper Ltd.,,,,,,Highland Valley,,BRITISH COLUMBIA,,1,,,,1,,1,,,,,,,0/50/33.6/13.9/2.5,,,,144500,,,,,35630700,4700,,,,688500,,,,,0.43,,,,,,,,,,,,,,,0.009,,,,,,,,,
"Forward sales. 1989, prod below target due to several setbacks and delays.",Hope Brook Gold Inc,,,,Hope Brook Mine,Chetwynd,,,NEWFOUNDLAND,,1,,1,,1,,1,,,,,,,,,,,3000,,,,,810795,81607,0.12,,83.3,,,,,,,,,,,,,,,,,,,,,,,,,,,198708,,,
,Hudson Bay Mining and Smelting Co. Limited,,,,Ruttan Mine,,,,MANITOBA,,,,,,,,,,,,,,,,,,,,,,,,,,,,,,,,,,,,,,,,,,,,,,,,,,,,,,,,,,
"Flin Flon has concentrator(recorded cap), zinc refinery and copper smelter.",Hudson Bay Mining and Smelting Co. Limited,,,,,,Flin Flon,,MANITOBA,,,,,,1,,,,,,,,,,,,,7500,,,,,,,,,,,,,,,,,,,,,,,,,,,,,,,,,,,,1930,,,
,Hudson Bay Mining and Smelting Co. Limited,,,,,,Snow Lake,,MANITOBA,,,,,,1,,,,,,,,,,,,,3800,,,,,,,,,,,,,,,,,,,,,,,,,,,,,,,,,,,,1979,,,
,Hudson Bay Mining and Smelting Co. Limited,,,,Spruce Point Mine,Reed Lake,,,MANITOBA,,,,,,,,,,,,,,,,,,,,,,,,,,,,,,,,,,,,,,,,,,,,,,,,,,,,,,,,,,
,Hudson Bay Mining and Smelting Co. Limited,,,,Namew Lake Mine,Flin Flon,,,MANITOBA,,1,,,,1,,,,,,,,,60/40,,,,2100,,,,,,,,,,,,,,,,,,,,,,,,,,,,,,,,,,,,198810,,,
,Hudson Bay Mining and Smelting Co. Limited,,,,,,Flin Flon,,SASKATCHEWAN,,,,,,,,,,,,,,,,,,,,,,,,,,,,,,,,,,,,,,,,,,,,,,,,,,,,,,,,,,
,INCO Gold Co.,,,,Golden Pond East Mine,,,,QUEBEC,,,,,,,,,,,,,,,,,,,,,,,,,,,,,,,,,,,,,,,,,,,,,,,,,,,,,,,,,,
,INCO Limited,,,,,,Sudbury,,ONTARIO,,,,,,,,,,,,,,,,,,,,,,,,,,,,,,,,,,,,,,,,,,,,,,,,,,,,,,,,,,
,INCO Limited,,,,Shebandowan Mine,,,,ONTARIO,,,,,,,,,,,,,,,,,,,,,,,,,,,,,,,,,,,,,,,,,,,,,,,,,,,,,,,,,,
,INCO Limited,,,Thompson Mine,,,Thompson,,MANITOBA,,,,,,,,,,,,,,,,,,,,,,,,,,,,,,,,,,,,,,,,,,,,,,,,,,,,,,,,,,
,INCO Limited,,,,Birchtree Mine,,,,MANITOBA,,,,,,,,,,,,,,"concentrator, smelter, refinery",,,,,,,,,,,,,,,,,,,,,,,,,,,,,,,,,,,,,,,,,,1977,1989,27
Sells 40% of pellet prod to 3 major shlders under contract to 1999. Remainder sold to major steel producers in N America & Europe. Conc sales to steel cos in Far Eat & Europe.,Iron Ore Co. of Canada,,,,,,Labrador City,,NEWFOUNDLAND,,,,,,,,,,,,,,,,,,,,,,,,,,,,,,,,,,,,,,,,,,,,,,,,,,,,,,,,,,
,Klondike,,,,various placers,,,,YUKON TERRITORY,,,,,,,,,,,,,,,,,,,,,,,,,,,,,,,,,,,,,,,,,,,,,,,,,,,,,,,,,,
Commercial prod of #2 mine anticipated June 1990.,Lac Minerals Ltd.,,,Mine de Bousquet #1,Bousquet Mine,Bousquet,Cadillac,,QUEBEC,,,,,,,,,,,,,,,,,,,,,388,,,1030000,110364,0.107,,91.19,,,,,,,,,,,,,,,,,,,,,,,,,,,,1979,,
,Lac Minerals Ltd.,,,,Doyon Mine,Bousquet,Cadillac,,QUEBEC,,,,,,1,,,,,,,,,50/50,,,,3300,,284,,,630000,117345,0.186,,94.67,,,,,,,,,,,,,,,,,,,,,,,,,,,,198003,,
,Lac Minerals Ltd.,,,Macassa Division,,Teck Town,Kirkland Lake,,ONTARIO,,,,,,,,,,,,,,,,,,,,,354,,,165000,82540,0.499,,95.68,,,,,,,,,,,,,,,,,,,,,,,,,,,,1933,,
,Les Mines Selbaie,,,,,,Brouillan,,QUEBEC,,,,,,,,,,,,,,,,,,,,,,,,,,,,,,,,,,,,,,,,,,,,,,,,,,,,,,,,,,
Record for first 9 months.,Louvem Mining Company Inc.,,,,Chimo Mine,Vauquelin Town,,,QUEBEC,,1,,1,,,,1,,,,,,,50/50,,,,,,,,,48475,6868,0.153,,,,,,,,,,,,,,,,,,,,,,,,,,,,,198508,,,
Not clear about the relation with American Barrick Resources corporation(camflo Mine),Malartic Hygrade Gold Mines (Canada) Ltd.,,,Malartic Mine/ Barrick Mine,,,Malartic,,QUEBEC,,,,,,,,,,,,,,,,,,,,,,,,,,,,,,,,,,,,,,,,,,,,,,,,,,,,,,,,,,
"Includes Springer Mine, Perry Mine(resumed 1988) and Cooke Mine(complete mining in 1989)",Minnova Inc.,,,,Opemiska Division,,Chapais,,QUEBEC,1,,1,,,,,1,1,,,,,mill,,,,,,,,,,382000,24093,2.23,,88.7,120767,11.65,,84.5,10411000,1.29,,96.2,,,,,,,,,,,,,,,,,,,,,,
,Minnova Inc.,,,Lac Shott Division,Shortt Lake Mine,Grand Town,Desmaraisville,,QUEBEC,1,,1,,1,,,1,,,,,,mill,94.2/5.8,,,,1150,,380,,,350000,40083,3.87,,92.2,1659,,,,,,,,,,,,,,,,,,,,,,,,,,198409,,,
Milling at Norbec Mill,Minnova Inc.,,,,Ansil Mine,,,,QUEBEC,1,,,,,,1,1,1,,,,,,,,,,450000,67,,,,163000,8246,,,83.8,103014,,,77.6,25022000,,,96.4,,,,,,,,,,,,,,,,,,,198907,,,
,Minnova Inc.,,,,Winston Lake Mine,Pays Plat Lake,,,ONTARIO,1,,,,1,,,1,1,,,,,mill,,,,,1000,81,,,,303000,3835,,,,113841,,,,4802000,0.92,,78.4,99287000,15.76,,94.4,,,,,,,,,,,,,,,198808,,,
FORWARD SALES has record,Minnova Inc.,,,,Somatosum Mine,Kamloops,,,BRITISH COLUMBIA,1,,,,,,,1,1,,,,,,70/30,,,,,138,,,,79000,2925,,,84.5,1741000,,,89.8,1018000,,,89.8,4844000,,,88,2801000,,,81.4,,,,,,,,,,,198907,,,
,Muscocho Explorations Ltd.,,,,Magino Mine,Wawa,,,ONTARIO,,1,,1,,1,,1,,,,,,,50/50,,,,500,,,536,,140215,23130,0.172,,95.9,,,,,,,,,,,,,,,,,,,,,,,,,,,198810,,,
,Muscocho Explorations Ltd.,,,,Magnacon Mine,Mishibishu Lake/ Hemlo,,,ONTARIO,,,,,,1,,1,,,,,,,25/50/25,,,600,,,,,,,14865,,,,,,,,,,,,,,,,,,,,,,,,,,,,,,198906,,,
Metal in Conc. Wholly owned subsid of Mineral Resources International L which merged into Conwest Exploration Co L in June 1990.,Nanisivik Mines Ltd.,,,Nanisivik Mine,,,Nanisivik,,NORTHWEST TERRITORIES,1,,,,,,,1,1,,,,,,,,,,2000,,,,,706000,,,,,574965.58,,,,,,,,1.26E+08,,,,4850170,,,,,,,,,,,,,,,,,
Modernizing program underway.,Nerco Minerals Co.,,,,Con Mine,,Yellowknife,,NORTHWEST TERRITORIES,,,,,,,,,,,,,,,,,,,800,,,,,,,,,92.3,,,,92.3,,,,,,,,,,,,,,,,,,,,,,,,,,
,Newfoundland Zinc Mines Ltd.,,,,,,Daniel's Harbour,,NEWFOUNDLAND,,,,,,,,,,,,,,,,,,,,,,,,,,,,,,,,,,,,,,,,,,,,,,,,,,,,,,,,,,
Owned 50% by each of Cambior Inc and Teck Corp,Niobec Inc.,,,Niobec Mine,,,Chicoutimi,,QUEBEC,,1,,,,,,,1,,,,,,,,,,2300,,,,,882500,,,,,,,,,,,,,,,,,,,,,,,,,,,,7722200,,,,,,
Brunswick has option to earn additional 25% int by expend $5 million.,Noranda Inc.,,,,Heath Steele Mine,Newcastle,,,NEW BRUNSWICK,,,,,1,,,,,,,,,,75/25,,,2200,3500,,,,,,,,,,,,,,,,,,,,,,,,,,,,,,,,,,,,,,1989,
,Noranda Inc.,,,,Matagami Division,,Matagami,,QUEBEC,,,,,,,,,,,,,,,,,,,,,,,,,,,,,,,,,,,,,,,,,,,,,,,,,,,,,,,,,,
,Noranda Inc.,,,,,,Gasp�,,QUEBEC,,,,,,,,,,,,,,,,,,,,,,,,,,,,,,,,,,,,,,,,,,,,,,,,,,,,,,,,,,
,Noranda Inc.,,,,Lyon Lake Division,,Sturgeon Lake,,ONTARIO,,,,,,1,,,,,,,,,,,,,1100,,,,,,,,,,,,,,,,,,,,,,,,,,,,,,,,,,,,,,,
,Noranda Inc.,,,,Geco Division,,Manitouwadge,,ONTARIO,,,,,,1,,,,,,,,,,,,,5000,,,,,,,,,,,,,,,,,,,,,,,,,,,,,,,,,,,,,,,
,Noranda Inc.,,,Bell Copper Opers,Babine Lake Division and Bell Mine,,Babine Lake,,BRITISH COLUMBIA,,,,,,1,,,,,,,,,,,,,17000,,,,,,,,,,,,,,,,,,,,,,,,,,,,,,,,,,,,,,,
,NovaGold Resources Inc.,,,,Murray Brook Mine,Bathurst,,,NEW BRUNSWICK,,,,,,1,,,,,,,,,,,,,1000,,,,,,,,,,,,,,,,,,,,,,,,,,,,,,,,,,,,198909,,,
,Orofino Resources Ltd.,,,Scadding Prop,,,Scadding Twp.,,ONTARIO,,1,,1,,,,1,,,,,,,,,,,,,,,,39100,5500,0.159,,,,,,,,,,,,,,,,,,,,,,,,,,,,,198709,198802,,
Milling opers completed in Apr 1988.,Pine Point Mines Ltd.,,,Pine Poing Mine,,,Pine Point,,NORTHWEST TERRITORIES,,,,,,,,,,,,,,,,,,,,,,,,,,,,,,,,,,,,,,,,,,,,,,,,,,,,,,,,198706,,
Sigma Mine,Placer Dome Inc.,,,,Sigma and Kiena Mines,,Val d'Or,,QUEBEC,,1,,1,,1,,1,,,,,,,,,,,1500,,,413,,500000,69141,0.146,,95.2,,,,,,,,,,,,,,,,,,,,,,,,,,,,,,
Kiena Mine,Placer Dome Inc.,,,,Sigma and Kiena Mines,Malartic,Val d'Or,,QUEBEC,,1,,1,1,,,1,,,,,,,,,,,1250,,,381,,500000,66235,0.132,,96.4,,,,,,,,,,,,,,,,,,,,,,,,,,,,,,
,Placer Dome Inc.,,,Campbell Mine,,Balmer Town,Balmertown,,ONTARIO,,1,,1,,,,1,,,,,,,,,,,1200,,,159,,400000,267876,0.666,,95.7,,,,,,,,,,,,,,,,,,,,,,,,,,,1949,,,
,Placer Dome Inc.,,,,Detour Lake Mine,,,,ONTARIO,,1,,1,,1,,1,,,,,,,100,,,,2750,,,387,,900000,130080,0.155,,93.4,,,,,,,,,,,,,,,,,,,,,,,,,,,198311,,,
,Placer Dome Inc.,,,Dome Mine,,,South Porcupine,,ONTARIO,,1,,1,,1,,1,,,,,,,,,,,3300,,,389,,1300000,144135,0.114,,96.1,,,,,,,,,,,,,,,,,,,,,,,,,,,,,,
"Concentrator cap 550 tpd, not mill cap",Placer Dome Inc.,,,,Dona Lake Mine,Pickle Lake,,,ONTARIO,,1,,1,,1,,1,,,,,,,,,,,,,,414,,200000,33940,0.202,,93.3,,,,,,,,,,,,,,,,,,,,,,,,,,,198902,,,
,Placer Dome Inc.,,,Endako Mines Division,Endako Mine,,Endako,,BRITISH COLUMBIA,,,,,,,,,,,,,,,,,,,35800,,,,,10200000,,,,,,,,,,,,,,,,,,,,,,,,12589000,0.076,,82.9,,,,,,,
,QIT-Fer et Titane Inc.,,,,Lac Tio,,,,QUEBEC,,1,,,,1,,,1,,,,,,,,,,,,,,,,,,,,,,,,,,,,,,,,,,,,,,,,,,,,,,,,,
Owned by Dofasco Inc,Quebec Cartier Mining Co.,,,,,Mont Wright,Mount-Wright,,QUEBEC,,,,,,,,,,,,,,,,,,,,,,,,,,,,,,,,,,,,,,,,,,,,,,,,,,,,,,,,,,
Owned 45% by American Barrick Resources Corop & 55% Corona Corp. Not sure about the total production and tons milled are right.,Renabie Gold Mines Ltd.,,,,Renabie Mine,Sudbury,Missanabie,,ONTARIO,,1,,1,,1,,1,,,,,,,,,,,700,,,,360,505382,89118,0.193,,91.6,,,,,,,,,,,,,,,,,,,,,,,,,,,,,,
Output sold under 3 intl supply contracts.,Rio Algom Ltd.,,,,East Kemptville Mine,Yarmouth,,,NOVA SCOTIA,1,,,,,,,,,,,,,,,,,,,,,,,3200000,,,,,,,,,,,,,,,,,,,,,,,,,,,,,0.175,,,,,
,Rouyn Mining Resources Inc.,,,,Francoeur Mine,Beauchastel Town,Rouyn,,QUEBEC,,1,,1,,,,,,,,,,,50/50,,,,450,,,,,210000,20735,0.19,,,,,,,,,,,,,,,,,,,,,,,,,,,,,198807,,,
,Similco Mines Ltd.,,,,,,Princeton,,BRITISH COLUMBIA,,,,,,,,,,,,,,,,,,,,,,,,,,,,,,,,,,,,,,,,,,,,,,,,,,,,,,,,,,
,Skylark Resources Ltd.,,,Skylark-O.B. Mine,,,Greenwood,,BRITISH COLUMBIA,,,,,,,,,,,,,,,,,,,,,,,,,,,,,,,,,,,,,,,,,,,,,,,,,,,,,,,,,,
Milling opers to be suspendeed fall 1990 due to declining res & lower gold prices.,Skyline Gold Corporation,,,,Johnny Mountain Mine,Iskut River,,,BRITISH COLUMBIA,,1,,,,1,,1,1,,,,,,,,,295,,,,,,9684000,46600,,,84,78400,,,,1315000,,,,,,,,,,,,,,,,,,,,,,198808,199009,,
,St. Andrew Goldfields Ltd. ,,,,,,Stock Township,,ONTARIO,,,,,,,,,,,,,,,,,,,,,,,,,,,,,,,,,,,,,,,,,,,,,,,,,,,,,,,,,,
A lot of stored tailings,Tantalum Mining Corporation of Canada Limited,,,Bernic Lake Mine,,Lac du Bonnet,Bernic Lake,,MANITOBA,,,,,,1,,,,,,,,,,,,,1000,,,,,,,,,,,,,,,,,,,,,,,,,,,,,,,,,,,,,982,198809,
,Teck Corporation,,,Beaverdel Division,,Kelowna,Beaverdell,,BRITISH COLUMBIA,1,,,1,,1,,1,,,,,,,,,,,120,,6.87,,,36560,,,,,311868,9.87,,86,,,,,,,,,,,,,,,,,,,,,,,1900,,,
Hemlo Gold Mines options 1/4 cl from Teck.,Teck-Corona Operating Corp,,,,David Bell Mine,Bomby Town,,,ONTARIO,1,,,1,1,,,1,,,,,,,50/50,,,,1000,,109,,,425150,312190,0.76,,97,,,,,,,,,,,,,,,,,,,,,,,,,,,198505,,,
"Ore custom milled Giant Yellowknife Mines L GO-MILL, terminated contract in 1990. Beginning Apr 1, 1990, co has letter of intent to lease Giant's 3000-tpd Schumacher mill to yr-end 1991.",Timmins Nickel Inc.,,,,Redstone Mine,Timins,,,ONTARIO,,,,,,,,,,,,,,,51/49,,,,,,,,,,,,,,,,,,,,,,,,,,,,,,,,,,,,,,,,,,,
Acq mine Nov 1989 from Dickenson Mines L for $1 million.,Treminco Resources Ltd.,,,Silvana Mine,,,New Denver,,BRITISH COLUMBIA,,1,,1,,1,,1,1,,,,,,,,,125,,,109,,,7907,,,,,131300,16.98,,,,,,,1025000,6.46,,,1211000,7.8,,,,,,,,,,,,,,,,
,Treminco Resources Ltd.,,,Plarmigan Mine,Tom and Plarmigan,Yellowknife,,,NORTHWEST TERRITORIES,,1,,1,,1,,1,,,,,,,,,,,200,,121,,,44450,16433,0.457,,,,,,,,,,,,,,,,,,,,,,,,,,,,,198907,,,
,Treminco Resources Ltd.,,,Tom Mine,Tom and Plarmigan,Yellowknife,,,NORTHWEST TERRITORIES,,1,,1,,,,,,,,,,,,,,,,,,,,10000,,0.25,,,,,,,,,,,,,,,,,,,,,,,,,,,,,,,,
,Wabush Mines,,,Scully Mine,,,Wabush,,NEWFOUNDLAND,,,,,,,,,,,,,,,,,,,,,,,,,,,,,,,,,,,,,,,,,,,,,,,,,,,,,,,,,,
,Westmin Resources Ltd,,,"H-W Mine, Lynx Mine, Price Mine",,Buttle Lake,Myra Falls,,BRITISH COLUMBIA,1,,,,1,,,,,,,,,,,,,,4000,,,,,1229262,,,,,,,,,,,,,,,,,,,,,,,,,,,,,,,,,,
,Westmin Resources Ltd,,,Premier Gold Project,Silbak Premier Mine,Stewart,,,BRITISH COLUMBIA,,,,,1,,,,,,,,,,,,,2100,2000,,,,,,,,,90.4,,,,61.5,,,,,,,,,,,,,,,,,,,,,,,198905,,,
,Westminer Canada Ltd.,,,,,Matagami,Chibougamau,,QUEBEC,,,,,,,,,,,,,,,,,,,,,,,,,,,,,,,,,,,,,,,,,,,,,,,,,,,,,,,,,,
,Williams Operating Corp,,,,Williams Mine,,,,ONTARIO,,,,,,,,,,,,,,,,,,,,,,,,,,,,,,,,,,,,,,,,,,,,,,,,,,,,,,,,,,