NOTE,COMPANY,COMPANY2,COMPANY3,MINESITE_HANDBOOK,MINESITE,LOCATION,PRODUCT,PROVINCE,CAPACITY(TPD),ORE_MILLED,TONNE,TON,GPMT,OPT,GPT,OZ,POUND,PROVEN,PROBABLE,POSSIBLE,PP_RESERVE(TON),GOLD_RES,GOLD_GRADE(OPT),GOLD_PROD_RATE,SILVER_GRADE,SILVER_PROD_RATE,COPPER_GRADE,COPPER_PROD_RATE,ZINC_GRADE,ZINC_PROD_RATE,LEAD_GRADE,LEAD_PROD_RATE,PLATINUM_GRADE,PLATINUM_PROD_RATE,URANIUM_GRADE,URANIUM_RES,MOLYBDENUM_GRADE,NICKEL_GRADE,NIOBIUM_PENTOXIDE_GRADE,TIN_GRADE,SALE,BEGIN_DATE,SUSPEND_DATE,REOPEN_DATE,DURATION
,Abcourt Mines Inc.,,,,Barvue Mine,,,QUEBEC,,,,,,,,,,,,,,,,,,,,,,,,,,,,,,,,,,,,,
,Afton Operating Corporation,,,,,Kamloops,,BRITISH COLUMBIA,,,,,,,,,,,,,,,,,,,,,,,,,,,,,,,,,,,,,
,Agnico-Eagle Mines Limited,,,,Gold Division,Joutei,,QUEBEC,,,,1,,1,,,,,,,1719500,,0.2,,,,,,,,,,,,,,,,,,,,,,
,Algoma Steel Corp. Ltd.,,,,Algoma Ore Division,Wawa,,ONTARIO,,,,,,,,,,,,,,,,,,,,,,,,,,,,,,,,,,,,,
,American Barrick Resources Corp,,,,,Malartic,,QUEBEC,,,,1,,1,,,,,,,644600,,0.098,,,,,,,,,,,,,,,,,,,,,,
,American Barrick Resources Corp.,,,,Holt-McDermott Mine,,,ONTARIO,,,,1,,1,,,,,,,2573000,,0.138,,,,,,,,,,,,,,,,,,,,,,
,Audrey Resources Inc.,,,,Mobrun Mine,,,QUEBEC,,,1,,,,1,,,,,,11330000,,1.48,,36.9,,0.77,,5.13,,,,,,,,,,,,,,,,
,Aur Resources Inc.,,,,,Malartic,,QUEBEC,,,,1,,1,,,,,,,124000,,0.24,,,,,,,,,,,,,,,,,,,,,,
,Aurizon Mines Ltd.,,,,Sleeping Giant Mine,,,QUEBEC,,,,,,,,,,,,,,,,,,,,,,,,,,,,,,,,,,,,,
,Aurtec Mining Development Inc. Montauban,,,,,Montauban,,QUEBEC,,,,,,,,,,,,,,,,,,,,,,,,,,,,,,,,,,,,,
,Belmoral Mines Ltd.,,,,,Val d'Or,,QUEBEC,,,,1,,1,,,,,,,883032,,0.232,,,,,,,,,,,,,,,,,,,,,,
,Belmoral Mines Ltd.,,,,,Val d'Or,,QUEBEC,,,,1,,1,,,,,,,250337,,0.225,,,,,,,,,,,,,,,,,,,,,,
,BHP - Utah Mines Ltd.,,,,,Port Hardy,,BRITISH COLUMBIA,,,,,,,,,,,,,,,,,,,,,,,,,,,,,,,,,,,,,
,Blackdome Mining Corp.,,,,,Black Dome Mountain,,BRITISH COLUMBIA,,,,1,,1,,,,,,,,,0.49,,2.16,,,,,,,,,,,,,,,,,,,,
,Bond Gold Canada Inc.,,,,Golden Patricia Mine,,,ONTARIO,,,,,,,,1,,,,,271000,,,,,,,,,,,,,,,,,,,,,,,,
,Brenda Mines Ltd.,,,,,Peachland,,BRITISH COLUMBIA,,,,,,,,,,,,,,,,,,,,,,,,,,,,,,,,,,,,,
,Brunswick Mining and Smelting Corp. Ltd.,,,,,Bathurst,,NEW BRUNSWICK,,,1,,,,1,,,74977000,,,,,,,99.5,,0.3,,8.87,,3.6,,,,,,,,,,,,,,
,Brunswick Mining and Smelting Corp. Ltd.,,,,,Bathurst,,NEW BRUNSWICK,,,1,,,,1,,,,13798000,,,,,,110.1,,0.41,,9.1,,3.62,,,,,,,,,,,,,,
,Cambior Inc.,,,,Pierre Beauchemine Mine,,,QUEBEC,,,,1,,1,,,,280000,,,,,0.18,,,,,,,,,,,,,,,,,,,,,,
,Cambior Inc.,,,,Pierre Beauchemine Mine,,,QUEBEC,,,,1,,1,,,,,,959000,,,0.16,,,,,,,,,,,,,,,,,,,,,,
,Cameco - A Canadian Mining & Energy Corp.,,,,,Rabbit Lake-Eagle Point,,SASKATCHEWAN,,,,,,,,,,,,,,,,,,,,,,,,,,,,,,,,,,,,,
,Cameco - A Canadian Mining & Energy Corp.,,,,,Key lake,,SASKATCHEWAN,,,,,,,,,1,,,,,,,,,,,,,,,,,,2.02,123000000,,,,,,,,,
,Campbell Resources Inc.,,,,,Chibougamau,,QUEBEC,,,,,,,,,,,,,,,,,,,,,,,,,,,,,,,,,,,,,
,Campbell Resources Inc.,,,,Joe Mann Mine,,,QUEBEC,,,,,,,,,,,,,,,,,,,,,,,,,,,,,,,,,,,,,
,Canamax Resources Inc.,,,,Bell Creek Mine,,,ONTARIO,,,1,,,,1,,,,,,565422,,5.97,,,,,,,,,,,,,,,,,,,,,,
,Canamax Resources Inc.,,,,Kremzer Mine,,,ONTARIO,,,1,,,,1,,,,,,446673,,5.43,,,,,,,,,,,,,,,,,,,,,,
ome problem with the reserve data,Canamax Resources Inc.,,,,Ketza River Mine,,,YUKON TERRITORY,,,1,,,,1,,,,,,124941,,12.42,,,,,,,,,,,,,,,,,,,,,,
,Candorado Mines Ltd.,,,,,Hedley,,BRITISH COLUMBIA,,,,1,,1,,,,,,,1681300,,0.041,,,,,,,,,,,,,,,,,,,,,,
,Cheni Gold Mines Inc.,,,,Lawyers Mine,,,BRITISH COLUMBIA,,,,,,1,,,,,,,1862000,,0.197,,6.94,,,,,,,,,,,,,,,,,,,,
,Cluff Mining,,,,,Cluff Lake,,SASKATCHEWAN,,,,,,,,,,,,,,,,,,,,,,,,,,,,,,,,,,,,,
,Cominco Ltd.,,,,Sullivan Mine,Kimberley,,BRITISH COLUMBIA,,,,1,,1,,,,,,,23300000,,,,0.8,,,,7.2,,4.5,,,,,,,,,,,,,,
,Cominco Ltd.,,,,Polaris Mine,Little Cornwallis Island,,NORTHWEST TERRITORIES,,,,1,,,,,,,,,14400000,,,,,,,,14.3,,3.8,,,,,,,,,,,,,,
,Corona Corp,,,,Jolu Mine,,,SASKATCHEWAN,,,,1,,1,,,,,,,337900,,0.44,,,,,,,,,,,,,,,,,,,,,,
,Corona Corp,,,,Nickel Plate Mine,Hedley,,BRITISH COLUMBIA,,,,1,,1,,,,,,,1575000,,0.076,,,,,,,,,,,,,,,,,,,,,,
,Curragh Resources Corporation,,,,,Faro,,YUKON TERRITORY,,,1,,,,1,,,,,,12011000,,,,31,,,,4.68,,2.75,,,,,,,,,,,,,,
,Curragh Resources Corporation,,,,,Faro,,YUKON TERRITORY,,,1,,,,1,,,,,,6900000,,,,60,,,,6.27,,4.11,,,,,,,,,,,,,,
,Denison Mines Ltd.,,,,,Elliot Lake,,ONTARIO,,,,,,,,,,,,,,,,,,,,,,,,,,,,,,,,,,,,,
,Dickenson Mines Ltd.,,,,Arthur W. White Mine,Balmertown,,ONTARIO,,,,1,,1,,,,1293000,,,,,0.34,,,,,,,,,,,,,,,,,,,,,,
,Dickenson Mines Ltd.,,,,Arthur W. White Mine,Balmertown,,ONTARIO,,,,1,,1,,,,,1939000,,,,0.31,,,,,,,,,,,,,,,,,,,,,,
,Dofasco Inc.,,,,Adams Mine,Kirkland Lake,,ONTARIO,,,,1,,1,,,,,,,7265500,,0.15,,,,,,,,,,,,,,,,,,,,,,
,Dofasco Inc.,,,,Sherman Mine,Temagami,,ONTARIO,,,,,,,,,,,,,,,,,,,,,,,,,,,,,,,,,,,,,
,Dumagami Mines Ltd.,,,,Donald LaRonde Mine,Cadillac,,QUEBEC,,,,1,,1,,,,,,,7265500,,0.15,,,,,,,,,,,,,,,,,,,,,,
plus silver-gold values,East West Caribou Mining Ltd.,,,,Caribou Mine,,,NEW BRUNSWICK,,,1,,,,,,,,,,12296600,,,,,,,,3.6,,7.6,,,,,,,,,,,,,,
,Eastmaque Gold Mines Ltd.,,,,,Kirkland Lake,,ONTARIO,,,,1,,1,,,,,,,8400000,,0.0329,,,,,,,,,,,,,,,,,,,,,,
,Echo Bay Mines Ltd.,,,,Lupin Mine,Contwoyto Lake,,NORTHWEST TERRITORIES,,,,,,,,,,,,,,,,,,,,,,,,,,,,,,,,,,,,,
,Equity Silver Mines Ltd.,,,,,Houston,,BRITISH COLUMBIA,,,,1,,1,,,,,,,8993000,,0.031,,2.06,,0.24,,,,,,,,,,,,,,,,,,
,ERG Resources Inc.,,,,,Timmins,,ONTARIO,,,,,,,,,,,,,,,,,,,,,,,,,,,,,,,,,,,,,
,Falconbridge Gold Corp.,,,Owl Creek Mine,Owl Creek and Hoyle Pond Mines,Timmins,,ONTARIO,,,1,,,,1,,,,,,193603,,3,,,,,,,,,,,,,,,,,,,,,,
,Falconbridge Gold Corp.,,,Hoyle Pond Mine,Owl Creek and Hoyle Pond Mines,Timmins,,ONTARIO,,,1,,,,1,,,,,,335624,,16.2,,,,,,,,,,,,,,,,,,,,,,
,Falconbridge Limited,,,,,Falconbridge,,ONTARIO,,,,,,,,,,,,,,,,,,,,,,,,,,,,,,,,,,,,,
,Falconbridge Ltd.,,,,Kidd Creek Mine,Timmins,,ONTARIO,,,1,,,,1,,,,,,44600000,,,,63,,3.45,,5.08,,0.15,,,,,,,,,,,,,,
,Giant Yellowknife Mines Ltd.,,,,Ross Mine,Holtyre,,ONTARIO,,,,,,,,,,,,,,,,,,,,,,,,,,,,,,,,,,,,,
,Giant Yellowknife Mines Ltd.,,,,,Pamour,,ONTARIO,,,,,,,,,,,,,,,,,,,,,,,,,,,,,,,,,,,,,
,Giant Yellowknife Mines Ltd.,,,,,Yellowknife,,NORTHWEST TERRITORIES,,,,,,,,,,,,,,,,,,,,,,,,,,,,,,,,,,,,,
,Gibraltar Mines Limited,,,,,Mcleese Lake,,BRITISH COLUMBIA,,,,1,,,,,,,,,184051000,,,,,,0.313,,,,,,,,,,0.009,,,,,,,,
,Golden Bear Operating Co. Ltd.,,,,Golden Bear Mine,,,BRITISH COLUMBIA,,,,,,,,,,,,,,,,,,,,,,,,,,,,,,,,,,,,,
,Hemlo Gold Mines Inc,,,,Golden Giant Mine,,,ONTARIO,,,1,,,,1,,,,,,16900000,,10.65,,,,,,,,,,,,,,,,,,,,,,
,Highland Valley Copper Ltd.,,,,,Highland Valley,,BRITISH COLUMBIA,,,,1,,,,,,,,,856000000,,,,,,0.41,,,,,,,,,,,,,,,,,,
,Hope Brook Gold Inc,,,,Hope Brook Mine,,,NEWFOUNDLAND,,,,1,,1,,,,,,,11237000,,0.118,,,,,,,,,,,,,,,,,,,,,,
,Hudson Bay Mining and Smelting Co. Limited,,,,Ruttan Mine,,,MANITOBA,,,,,,,,,,,,,,,,,,,,,,,,,,,,,,,,,,,,,
Flin Flon/Snowlake recored.,Hudson Bay Mining and Smelting Co. Limited,,,,,Flin Flon,,MANITOBA,,,,1,,1,,,,,,,9942000,,0.047,,0.56,,1.78,,4.3,,,,,,,,,,,,,,,,
,Hudson Bay Mining and Smelting Co. Limited,,,,,Snow Lake,,MANITOBA,,,,,,,,,,,,,,,,,,,,,,,,,,,,,,,,,,,,,
,Hudson Bay Mining and Smelting Co. Limited,,,,Spruce Point Mine,,,MANITOBA,,,,,,,,,,,,,,,,,,,,,,,,,,,,,,,,,,,,,
,Hudson Bay Mining and Smelting Co. Limited,,,,Namew Lake Mine,,,MANITOBA,,,,1,,1,,,,,,,2438333.333,,,,,,0.71,,,,,,,,,,,2.05,,,,,,,
,Hudson Bay Mining and Smelting Co. Limited,,,,,Flin Flon,,SASKATCHEWAN,,,,,,,,,,,,,,,,,,,,,,,,,,,,,,,,,,,,,
,INCO Gold Co.,,,,Golden Pond East Mine,,,QUEBEC,,,,,,,,,,,,,,,,,,,,,,,,,,,,,,,,,,,,,
,INCO Limited,,,,,Sudbury,,ONTARIO,,,,,,,,,,,,,,,,,,,,,,,,,,,,,,,,,,,,,
,INCO Limited,,,,Shebandowan Mine,,,ONTARIO,,,,,,,,,,,,,,,,,,,,,,,,,,,,,,,,,,,,,
,INCO Limited,,,,,Thompson,,MANITOBA,,,,,,,,,,,,,,,,,,,,,,,,,,,,,,,,,,,,,
,INCO Limited,,,,Birchtree Mine,,,MANITOBA,,,,,,,,,,,,,,,,,,,,,,,,,,,,,,,,,,,,,
,Iron Ore Co. of Canada,,,,,Labrador City,,NEWFOUNDLAND,,,,,,,,,,,,,,,,,,,,,,,,,,,,,,,,,,,,,
,Klondike,,,,various placers,,,YUKON TERRITORY,,,,,,,,,,,,,,,,,,,,,,,,,,,,,,,,,,,,,
,Lac Minerals Ltd.,,,,Bousquet Mine,Cadillac,,QUEBEC,,,,1,,1,,,,,,1091000,4152000,,0.17,,,,,,,,,,,,,,,,,,,,,,
,Lac Minerals Ltd.,,,,Doyon Mine,Cadillac,,QUEBEC,,,,1,,1,,,,,,477000,11564000,,0.2,,,,,,,,,,,,,,,,,,,,,,
,Lac Minerals Ltd.,,,,,Kirkland Lake,,ONTARIO,,,,1,,1,,,,,,,1513000,,0.51,,,,,,,,,,,,,,,,,,,,,,
,Les Mines Selbaie,,,,,Brouillan,,QUEBEC,,,,,,,,,,,,,,,,,,,,,,,,,,,,,,,,,,,,,
,Louvem Mining Company Inc.,,,,Chimo Mine,,,QUEBEC,,,,,,,,,,,,,,,,,,,,,,,,,,,,,,,,,,,,,
,Malartic Hygrade Gold Mines (Canada) Ltd.,,,,,Malartic,,QUEBEC,,,,,,,,,,,,,,,,,,,,,,,,,,,,,,,,,,,,,
,Minnova Inc.,,,,Opemiska Division,Chapais,,QUEBEC,,,1,,,,1,,,585000,,,,,1.9,,,,1.9,,,,,,,,,,,,,,,,,,
,Minnova Inc.,,,,Shortt Lake Mine,Desmaraisville,,QUEBEC,,,1,,,,1,,,,,,885000,,4.8,,,,,,,,,,,,,,,,,,,,,,
,Minnova Inc.,,,,Ansil Mine,,,QUEBEC,,,1,,,,1,,,,1250000,,,,1.5,,27.2,,7.6,,0.8,,,,,,,,,,,,,,,,
,Minnova Inc.,,,,Winston Lake Mine,,,ONTARIO,,,1,,,,1,,,,,,2586000,,1.1,,31.2,,1.1,,15,,,,,,,,,,,,,,,,
,Minnova Inc.,,,,Somatosum Mine,,,BRITISH COLUMBIA,,,,,,,,,,,,,711000,,1.5,,831,,1,,2.6,,1.4,,,,,,,,,,,,,,
,Muscocho Explorations Ltd.,,,,Magino Mine,,,ONTARIO,,,,1,,1,,,,,,,1614780,,0.153,,,,,,,,,,,,,,,,,,,,,,
,Muscocho Explorations Ltd.,,,,Magnacon Mine,,,ONTARIO,,,,1,,1,,,,,,,1470000,,0.19,,,,,,,,,,,,,,,,,,,,,,
,Nanisivik Mines Ltd.,,,,,Nanisivik,,NORTHWEST TERRITORIES,,,1,,1,,,,,,,,2975000,,,,41,,,,8.5,,0.3,,,,,,,,,,,,,,
,Nerco Minerals Co.,,,,Con Mine,Yellowknife,,NORTHWEST TERRITORIES,,,,1,,1,,,,,,,3065000,,0.312,,0.069,,,,,,,,,,,,,,,,,,,,
,Newfoundland Zinc Mines Ltd.,,,,,Daniel's Harbour,,NEWFOUNDLAND,,,,,,,,,,,,,,,,,,,,,,,,,,,,,,,,,,,,,
,Niobec Inc.,,,,,Chicoutimi,,QUEBEC,,,,1,,,,,,,,,,,,,,,,,,,,,,,,,,,0.66,,,,,,
,Noranda Inc.,,,,Heath Steele Mine,,,NEW BRUNSWICK,,,,,,,,,,,,,,,,,,,,,,,,,,,,,,,,,,,,,
,Noranda Inc.,,,,Matagami Division,Matagami,,QUEBEC,,,,,,,,,,,,,,,,,,,,,,,,,,,,,,,,,,,,,
,Noranda Inc.,,,,,Gasp�,,QUEBEC,,,,,,,,,,,,,,,,,,,,,,,,,,,,,,,,,,,,,
,Noranda Inc.,,,,Lyon Lake Division,Sturgeon Lake,,ONTARIO,,,,,,,,,,,,,,,,,,,,,,,,,,,,,,,,,,,,,
,Noranda Inc.,,,,Geco Division,Manitouwadge,,ONTARIO,,,,,,,,,,,,,,,,,,,,,,,,,,,,,,,,,,,,,
,Noranda Inc.,,,,Babine Lake Division and Bell Mine,Babine Lake,,BRITISH COLUMBIA,,,,,,,,,,,,,,,,,,,,,,,,,,,,,,,,,,,,,
,NovaGold Resources Inc.,,,,Murray Brook Mine,,,NEW BRUNSWICK,,,,1,,1,,,,,1900000,,,,0.044,,1.91,,,,,,,,,,,,,,,,,,,,
,Orofino Resources Ltd.,,,,,Scadding Twp.,,ONTARIO,,,,1,,1,,,,,,,120000,,0.22,,,,,,,,,,,,,,,,,,,,,,
,Pine Point Mines Ltd.,,,,,Pine Point,,NORTHWEST TERRITORIES,,,,,,,,,,,,,,,,,,,,,,,,,,,,,,,,,,,,,
Sigma Mine,Placer Dome Inc.,,,,Sigma and Kiena Mines,Val d'Or,,QUEBEC,,,,1,,1,,,,,,,4500000,,0.138,,,,,,,,,,,,,,,,,,,,,,
Kiena Mine,Placer Dome Inc.,,,,Sigma and Kiena Mines,Val d'Or,,QUEBEC,,,,1,,1,,,,,,,7300000,,0.13,,,,,,,,,,,,,,,,,,,,,,
,Placer Dome Inc.,,,,,Balmertown,,ONTARIO,,,,1,,1,,,,,,,6700000,,0.636,,,,,,,,,,,,,,,,,,,,,,
,Placer Dome Inc.,,,,Detour Lake Mine,,,ONTARIO,,,,1,,1,,,,,,,7300000,,0.158,,,,,,,,,,,,,,,,,,,,,,
,Placer Dome Inc.,,,,,South Porcupine,,ONTARIO,,,,1,,1,,,,,,,6800000,,0.146,,,,,,,,,,,,,,,,,,,,,,
,Placer Dome Inc.,,,,Dona Lake Mine,,,ONTARIO,,,,,,,,,,,,,500000,,0.31,,,,,,,,,,,,,,,,,,,,,,
,Placer Dome Inc.,,,,Endako Mine,Endako,,BRITISH COLUMBIA,,,,1,,,,,,,,,153800000,,,,,,,,,,,,,,,,0.088,,,,,,,,
,QIT-Fer et Titane Inc.,,,,Lac Tio,,,QUEBEC,,,,,,,,,,,,,,,,,,,,,,,,,,,,,,,,,,,,,
,Quebec Cartier Mining Co.,,,,Mount-Wright,,,QUEBEC,,,,,,,,,,,,,,,,,,,,,,,,,,,,,,,,,,,,,
,Renabie Gold Mines Ltd.,,,,,Missanabie,,ONTARIO,,,,,,,,,,,,,,,,,,,,,,,,,,,,,,,,,,,,,
,Rio Algom Ltd.,,,,East Kemptville Mine,,,NOVA SCOTIA,,,1,,,,,,,,,,27900000,,,,,,0.075,,0.18,,,,,,,,,,,0.182,,,,,
,Rouyn Mining Resources Inc.,,,,Francoeur Mine,Rouyn,,QUEBEC,,,,1,,1,,,,,,,2400000,,0.21,,,,,,,,,,,,,,,,,,,,,,
,Similco Mines Ltd.,,,,,Princeton,,BRITISH COLUMBIA,,,,,,,,,,,,,,,,,,,,,,,,,,,,,,,,,,,,,
,Skylark Resources Ltd.,,,,,Greenwood,,BRITISH COLUMBIA,,,,,,,,,,,,,,,,,,,,,,,,,,,,,,,,,,,,,
,Skyline Gold Corporation,,,,Johnny Mountain Mine,,,BRITISH COLUMBIA,,,,1,,1,,,,,,,740000,,0.52,,,,,,,,,,,,,,,,,,,,,,
,St. Andrew Goldfields Ltd. ,,,,,Stock Township,,ONTARIO,,,,,,,,,,,,,,,,,,,,,,,,,,,,,,,,,,,,,
,Tantalum Mining Corporation of Canada Limited,,,,,Bernic Lake,,MANITOBA,,,1,,,,,,,,,,1450000,,0.103,,,,,,,,,,,,,,,,,,,,,,
,Teck Corporation,,,,,Beaverdell,,BRITISH COLUMBIA,,,,,,,,,,,,,,,,,,,,,,,,,,,,,,,,,,,,,
,Teck-Corona Operating Corp,,,,David Bell Mine,,,ONTARIO,,,1,,,1,,,,,,,7115000,,0.427,,,,,,,,,,,,,,,,,,,,,,
,Timmins Nickel Inc.,,,,Redstone Mine,,,ONTARIO,,,,1,,,,,,,,,460962,,,,,,,,,,,,,,,,,2.55,,,,,,,
,Treminco Resources Ltd.,,,,,New Denver,,BRITISH COLUMBIA,,,,1,,1,,,,,,,78000,,,,12,,,,7,,4.82,,,,,,,,,,,,,,
,Treminco Resources Ltd.,,,,Tom and Plarmigan,,,NORTHWEST TERRITORIES,,,,1,,1,,,,117000,,,,,0.34,,,,,,,,,,,,,,,,,,,,,,
,Wabush Mines,,,,,Wabush,,NEWFOUNDLAND,,,,,,,,,,,,,,,,,,,,,,,,,,,,,,,,,,,,,
,Westmin Resources Ltd,,,,,Myra Falls,,BRITISH COLUMBIA,,,1,,,,1,,,,,,12101700,,2.5,,34.5,,2.3,,5.2,,0.4,,,,,,,,,,,,,,
,Westmin Resources Ltd,,,,Silbak Premier Mine,,,BRITISH COLUMBIA,,,,,,,,,,,,,,,,,,,,,,,,,,,,,,,,,,,,,
,Westminer Canada Ltd.,,,,,Chibougamau,,QUEBEC,,,,,,,,,,,,,,,,,,,,,,,,,,,,,,,,,,,,,
,Williams Operating Corp,,,,Williams Mine,,,ONTARIO,,,,,,,,,,,,,,,,,,,,,,,,,,,,,,,,,,,,,