"0","mine.df <- cbind(mine.proven, mine.price.real)"
"0","# test <- mine.df %>% "
"0","#	mutate(no_au=(Au==0), no_ag=(Ag==0), no_cu= (Cu==0), no_zn = (Zn==0), no_pb= (Pb==0), count_metal = 5-no_au-no_ag-no_cu-no_zn-no_pb, one_metal = (count_metal==1))"
"0","#sum(test$one_metal)"
"0","#sum(test$one_metal*(1-test$no_au))"
"0","#sum(test$one_metal*(1-test$no_ag))"
"0","#sum(test$one_metal*(1-test$no_cu))"
"0","#sum(test$one_metal*(1-test$no_zn))"
"0","#sum(test$one_metal*(1-test$no_pb))"
"0","df <- gather(mine.df, ""year"", ""real_price"", 11:67)"
"0","df.2 <- df %>% "
"0","	group_by(mine) %>% "
"0","	arrange(mine,year) %>% "
"0","	mutate(d_real_price= log (real_price/lag(real_price)))"
"0","	"
"0","p1 <- ggplot(data = df, aes( x = year, y = real_price, group = mine, color = mine)) + geom_point() +geom_line() +theme(legend.position=""none"") + scale_x_discrete(breaks = seq(1960, 2016, by =5)) + labs( y = ""Real Price 2010"", title = ""Unit Price of Ore (/tonne) , # of mine = 52"")"
"0","p1"
