{"chunk_definitions":[{"chunk_id":"csetup_chunk","chunk_label":"setup","document_id":"50191F0A","expansion_state":0,"options":{"engine":"r","include":false,"label":"setup"},"row":13,"row_count":1,"visible":true},{"chunk_id":"cbfoaqhttw18x","chunk_label":"mine-grade","document_id":"50191F0A","expansion_state":0,"options":{"engine":"r","label":"mine-grade"},"row":58,"row_count":1,"visible":true},{"chunk_id":"cw6uopsz8nlgf","chunk_label":"unnamed-chunk-1","document_id":"50191F0A","expansion_state":0,"options":{"engine":"r","label":"unnamed-chunk-16"},"row":79,"row_count":1,"visible":true},{"chunk_id":"cxcdd6e9q3d1x","chunk_label":"census-subdivision","document_id":"50191F0A","expansion_state":0,"options":{"engine":"r","label":"census-subdivision"},"row":89,"row_count":1,"visible":true},{"chunk_id":"c78i287d42xzf","chunk_label":"match","document_id":"50191F0A","expansion_state":0,"options":{"engine":"r","label":"match"},"row":108,"row_count":1,"visible":true},{"chunk_id":"cu6857shxleo2","chunk_label":"unnamed-chunk-2","document_id":"50191F0A","expansion_state":0,"options":{"engine":"r","label":"unnamed-chunk-76"},"row":161,"row_count":1,"visible":true}],"default_chunk_options":{"error":false},"doc_write_time":1486326480,"working_dir":null}