"0","tmp4 <- tmp2 %>% 
	select(PROVABBR, OPERATIONE, OWNERSE, LATITUDE, LONGITUDE,
				 `Geographic code`, `Geographic type`, `Population, 2011`, `Population, 2006`, `COMMODITYE`)
#			 `Total private dwellings, 2011`, `Private dwellings occupied by usual residents, 2011`)
tmp5 <- data.frame(as.matrix(tmp4))
names(tmp5) <- c(""Province"", ""Operation"",""Ownership"", ""Latitude"", ""Longitude"", ""CSDCode"", ""CSDType"", ""Population2011"", ""Population2006"", ""Commodity"")
print(xtable(tmp5), include.rownames=FALSE)
"
"1","% latex table generated in R 3.3.1 by xtable 1.8-2 package
% Sun Feb  5 12:28:03 2017
\begin{table}[ht]
\centering
\begin{tabular}{llllllllll}
  \hline
Province & Operation & Ownership & Latitude & Longitude & CSDCode & CSDType & Population2011 & Population2006 & Commodity \\ 
  \hline
NFL & Duck Pond & Teck Cominco Limited & 48.6309 &  -56.50060 & 1006028 & T &     99 &    100 & Cu, Zn \\ 
  QC & Beaufor & Richmont Mines Inc. & 48.1613 &  -77.55580 & 2489008 & V &  31862 &  31123 & Au, Ag \\ 
  QC & Lac Herbin & QMX Gold Corporation & 48.1361 &  -77.65390 & 2489008 & V &  31862 &  31123 & Au, Ag \\ 
  QC & LaRonde & Agnico-Eagle Mines Limited & 48.2516 &  -78.44770 & 4704029 & VL &     78 &     80 & Au, Zn, Cu, Pb, Ag \\ 
  QC & Mouska & IAMGOLD Corporation & 48.27756 &  -78.57127 & 4704029 & VL &     78 &     80 & Au, Cu, Ag \\ 
  ON & Kidd Creek & Xstrata Zinc Canada & 48.6894 &  -81.37000 & 3556027 & CY &  43165 &  42997 & Cu, Zn, Ag, Se, Te, In, Cd \\ 
  ON & Island Gold & Richmont Mines Inc. & 48.297 &  -84.44290 & 3557079 & TP &    635 &    773 & Au \\ 
  ON & Eagle River & Wesdome Gold Mines Ltd. & 47.9861 &  -85.46190 & 3557076 & MU &   2975 &   3204 & Au \\ 
  ON & David Bell & Barrick Gold Corporation & 48.693 &  -85.89300 & 3558059 & T &   3353 &   3863 & Au \\ 
  ON & Musselwhite & Goldcorp Inc. & 52.6127 &  -90.36360 & 3558004 & CY & 108359 & 109160 & Au, Ag \\ 
  MB & Thompson & Vale Limited & 55.7152 &  -97.84440 & 4603058 & RM &   1397 &   1259 & Ni, Cu, Co, PGM \\ 
  MB & Thompson & Vale Limited & 55.7152 &  -97.84440 & 4622026 & CY &  12829 &  13446 & Ni, Cu, Co, PGM \\ 
  MB & 777 & HudBay Minerals Inc. & 54.77441 & -101.87894 & 4621064 & CY &   5363 &   5594 & Cu, Zn, Au, Ag \\ 
  MB & 777 & HudBay Minerals Inc. & 54.77441 & -101.87894 & 4718052 & CY &    229 &    242 & Cu, Zn, Au, Ag \\ 
  MB & Trout Lake & HudBay Minerals Inc. & 54.8181 & -101.81700 & 4621064 & CY &   5363 &   5594 & Cu, Zn, Au, Ag \\ 
  MB & Trout Lake & HudBay Minerals Inc. & 54.8181 & -101.81700 & 4718052 & CY &    229 &    242 & Cu, Zn, Au, Ag \\ 
  BC & Red Lake & Absorbent Products Ltd. & 50.9387 & -120.81500 & 3560042 & MU &   4366 &   4526 & Diatomite, bentonite, leonardite \\ 
  YK & Minto & Capstone Mining Corporation & 62.6167 & -137.24900 & 6001012 & VL &    503 &    425 & Cu, Au \\ 
  QC & Lapa & Agnico-Eagle Mines Limited & 48.22957 &  -78.28810 & 2489008 & V &  31862 &  31123 & Au \\ 
  ON & Holloway & St. Andrew Goldfields Ltd. & 48.5217 &  -79.74750 & 3556027 & CY &  43165 &  42997 & Au, Ag \\ 
  ON & Lac des Iles & North American Palladium Ltd. & 52.6127 &  -90.36360 & 3558004 & CY & 108359 & 109160 & PGM, Ni, Au, Cu, Co \\ 
  NU & Meadowbank & Agnico-Eagle Mines Ltd. & 63.6027 & -110.86900 & 6205023 & HAM &   1872 &   1728 & Au \\ 
  QC & Canadian Malartic & Osisko Mining Corporation & 48.1299 &  -78.10030 & 2489015 & V &   3449 &   3640 & Au, Ag \\ 
  ON & Holt & St. Andrew Goldfields Ltd. & 48.513 &  -79.74000 & 3556027 & CY &  43165 &  42997 & Au, Ag \\ 
  ON & Timmins & Lake Shore Gold Corp. & 48.38328 &  -81.54983 & 3556027 & CY &  43165 &  42997 & Au \\ 
  BC & Copper Mountain & Copper Mountain Mining Corporation & 49.331 & -120.53300 & 5907024 & T &   2724 &   2780 & Cu, Au, Ag \\ 
  NB & Brunswick & Xstrata Zinc Canada & 47.4788 &  -65.89220 & 1315008 & P &   4979 &   5144 & Pb, Zn, Cu, Ag, Au \\ 
  NB & Brunswick & Xstrata Zinc Canada & 47.4788 &  -65.89220 & 1315011 & CY &  12275 &  12714 & Pb, Zn, Cu, Ag, Au \\ 
   \hline
\end{tabular}
\end{table}
"
