{"chunk_definitions":[{"chunk_id":"csetup_chunk","chunk_label":"setup","document_id":"A9948E4","expansion_state":0,"options":{"engine":"r","include":false,"label":"setup"},"row":9,"row_count":1,"visible":true},{"chunk_id":"cgfmp31xxck1f","chunk_label":"load packages","document_id":"A9948E4","expansion_state":0,"options":{"engine":"r","label":"load packages"},"row":15,"row_count":1,"visible":true},{"chunk_id":"cwsd2jnn2prxe","chunk_label":"match boundary file and mine locations","document_id":"A9948E4","expansion_state":0,"options":{"engine":"r","label":"match boundary file and mine locations"},"row":27,"row_count":1,"visible":true},{"chunk_id":"cfl7m8jx2go40","chunk_label":"check the shapefile of 51st-900a","document_id":"A9948E4","expansion_state":0,"options":{"engine":"r","label":"check the shapefile of 51st-900a"},"row":54,"row_count":1,"visible":true},{"chunk_id":"cq1w2146jbrtv","chunk_label":"check the shapefile of 50th-900a","document_id":"A9948E4","expansion_state":0,"options":{"engine":"r","label":"check the shapefile of 50th-900a"},"row":71,"row_count":1,"visible":true},{"chunk_id":"ck19x0whoaoi2","chunk_label":"unnamed-chunk-2","document_id":"A9948E4","expansion_state":0,"options":{},"row":79,"row_count":1,"visible":true},{"chunk_id":"c7e6dfflntix1","chunk_label":"55th map","document_id":"A9948E4","expansion_state":0,"options":{"engine":"r","label":"55th map"},"row":128,"row_count":1,"visible":true}],"default_chunk_options":{"echo":true,"error":false},"doc_write_time":1498509386,"working_dir":null}