"0","mine.51st <- readOGR(""/Users/batta/Dropbox/phd4/monopsony/map/900A_1998-2015"",""51st-AllPoints"")"
"1","OGR data source with driver:"
"1"," "
"1","ESRI Shapefile"
"1"," "
"1","
"
"1","Source: """
"1","/Users/batta/Dropbox/phd4/monopsony/map/900A_1998-2015"
"1",""", layer: """
"1","51st-AllPoints"
"1",""""
"1","
"
"1","with"
"1"," "
"1","512"
"1"," "
"1","features"
"1","
"
"1","It has"
"1"," "
"1","40"
"1"," "
"1","fields"
"1","
"
"0","#plot(mine.52nd)"
"0","#test <- mine.52nd@data %>% "
"0","	filter(GROUP == ""Copper-gold (molybdenum, silver)""| GROUP == ""Copper-molybdenum (gold)"" | GROUP == ""Copper-zinc (gold, silver, cadmium)"" | GROUP == ""Gold"" | GROUP == ""Gold-copper (molybdenum, silver)"" | GROUP == ""Gold-silver"" | GROUP == ""Iron"" | GROUP == ""Iron-titanium"" | GROUP == ""IronOre"" | GROUP == ""Lead-zinc (silver, tin, bismuth)"" | GROUP == ""Nickel-copper (cobalt, gold, silver)"" | GROUP == ""Zinc"" | GROUP == ""Zinc-copper (cadmium, gold, lead, silver)"" | GROUP == ""Zinc-lead (copper, gold, silver, tin)"")"
"2","Error in filter_(.data, .dots = lazyeval::lazy_dots(...)) : 
  object 'GROUP' not found
"
