"0","y <- read_csv(""/Users/batta/Dropbox/phd4/monopsony/data/rerdccensuscodebooks/sub-division-census-2011.csv"")"
"2","Parsed with column specification:
cols(
  `Geographic code` = col_integer(),
  `Geographic name` = col_character(),
  `Geographic type` = col_character(),
  `Incompletely enumerated Indian reserves and Indian settlements, 2011` = col_logical(),
  `Population, 2011` = col_integer(),
  `Population, 2006` = col_integer(),
  `2006 adjusted population flag` = col_logical(),
  `Incompletely enumerated Indian reserves and Indian settlements, 2006` = col_logical(),
  `Population, % change` = col_double(),
  `Total private dwellings, 2011` = col_integer(),
  `Private dwellings occupied by usual residents, 2011` = col_integer(),
  `Land area in square kilometres, 2011` = col_double(),
  `Population density per square kilometre, 2011` = col_double(),
  `National population rank, 2011` = col_integer(),
  `Provincial/territorial population rank, 2011` = col_integer()
)
"
"0","#extract province name"
"0","y$prov <- gsub("".*\\((.*)\\)$"",""\\1"",  y$`Geographic name`)"
"0","#extract subdivision name"
"0","y$subdiv <- gsub(""(^[^\\(]*)\\s.*\\(.*\\).*$"",""\\1"",  y$`Geographic name`)"
