"","AREA","PERIMETER","PNT900A_","PNT900A_ID","PROVINCE","FPROVINCE","LONGITUDE","LATITUDE","RANK","RANKSYM","SYMANGLE","MAPSYM","INSET","INSETSYM","COMPANY","MINESITE","MINETYPE","LOCATION","PRODUCT","GROUP","STATUS","DATE_","EXDATE","FCOMPANY","FMINESITE","FMINETYPE","FLOCATION","FPRODUCT","FGROUP","SELECTOR","POLYGONID","SCALE","ANGLE"
"1",0,0,7,21,"NEW BRUNSWICK","NOUVEAU-BRUNSWICK",-65.89,47.475,1,1,25,1,"BASEMETAL",17,"Noranda Inc.","Brunswick Mine","UG","Bathurst","Zinc, lead, silver, copper, bismuth, cadmium","Zinc-lead (copper, gold, silver, tin)","E",NA,NA,"Noranda Inc.","mine Brunswick","SOUT.","Bathurst","Zinc, plomb, argent, cuivre, bismuth, cadmium","Zinc-plomb (cuivre, or, argent, étain)","Brunswick Mine",0,1,25
"2",0,0,13,78,"ONTARIO","ONTARIO",-85.9083,48.6931,2,2,5,1,"PRECIOUS",12,"Newmont Canada Limited","Golden Giant Mine","UG","Marathon","Gold, silver","Gold-silver","E",NA,NA,"Newmont Canada Limited","mine Golden Giant","SOUT.","Marathon","Or, argent","Or-argent","Golden Giant Mine",0,1,5
"3",0,0,14,80,"ONTARIO","ONTARIO",-85.9028,48.6944,2,0,5,0,"PRECIOUS",12,"Barrick Gold Corporation and Teck Cominco Limited","David Bell Mine","UG","Marathon","Gold, silver","Gold-silver","E",NA,NA,"Barrick Gold Corporation et Teck Cominco Limited","mine David Bell","SOUT.","Marathon","Or, argent","Or-argent","David Bell Mine",0,1,5
"4",0,0,15,79,"ONTARIO","ONTARIO",-85.9111,48.6917,2,0,5,0,"PRECIOUS",12,"Barrick Gold Corporation and Teck Cominco Limited","Williams Mine","UG","Marathon","Gold, silver","Gold-silver","E",NA,NA,"Barrick Gold Corporation et Teck Cominco Limited","mine Williams","SOUT.","Marathon","Or, argent","Or-argent","Williams Mine",0,1,5
"5",0,0,16,98,"ONTARIO","ONTARIO",-85.4556,47.9764,8,8,5,1,"PRECIOUS",15,"River Gold Mines Ltd.","Eagle River Mine","UG","Wawa","Gold","Gold","E",NA,NA,"River Gold Mines Ltd.","mine Eagle River","SOUT.","Wawa","Or","Or","Eagle River Mine",0,1,5
"6",0,0,22,973,"ONTARIO","ONTARIO",-93.7167,51.05,1,0,2,0,"PRECIOUS",15,"Goldcorp Inc.","Red Lake Mine","UG","Balmertown","Gold","Gold","E",NA,NA,"Goldcorp Inc.","mine Red Lake","SOUT.","Balmertown","Or","Or","Red Lake Mine",0,1,2
"7",0,0,34,801,"QUEBEC","QUÉBEC",-74.5306,50.9806,4,4,20,1,"PRECIOUS",13,"Inmet Mining Corporation","Troilus Mine","OP","Chibougamau","Gold, copper","Gold-copper (molybdenum, silver)","E",NA,NA,"Corporation minière Inmet","mine Troilus","C.O.","Chibougamau","Or, cuivre","Or-cuivre (molybdène, argent)","Troilus Mine",0,1,20
"8",0,0,35,42,"QUEBEC","QUÉBEC",-78.52,48.2567,1,0,15,0,"PRECIOUS",15,"Cambior Inc.","Doyon Mine","UG","Cadillac","Gold","Gold","E",NA,NA,"Cambior inc.","mine Doyon","SOUT.","Cadillac","Or","Or","Doyon Mine",0,1,15
"9",0,0,36,51,"QUEBEC","QUÉBEC",-77.9667,49.1167,3,3,15,1,"PRECIOUS",15,"Cambior Inc. and Aurizon Mines Ltd.","Sleeping Giant Mine","UG","Amos","Gold","Gold","E",NA,NA,"Cambior inc. et Mines Aurizon Ltée","mine Géant Dormant","SOUT.","Amos","Or","Or","Sleeping Giant Mine",0,1,15
"10",0,0,52,194,"BRITISH COLUMBIA","COLOMBIE-BRITANNIQUE",-130.4653,56.65,1,1,325,1,"PRECIOUS",12,"Barrick Gold Corporation","Eskay Creek Mine","UG","Stewart","Gold, silver","Gold-silver","E",NA,NA,"Barrick Gold Corporation","mine Eskay Creek","SOUT.","Stewart","Or, argent","Or-argent","Eskay Creek Mine",0,1,325
"11",0,0,64,187,"BRITISH COLUMBIA","COLOMBIE-BRITANNIQUE",-121.05,50.4667,4,4,335,1,"BASEMETAL",25,"Teck Cominco Limited, BHP Billiton Limited and Highmont Mining Company","Highland Valley Mine","OP","Logan Lake","Copper, molybdenum, gold","Copper-molybdenum (gold)","E",NA,NA,"Teck Cominco Limited, BHP Billiton Limited et Highmont Mining Company","mine Highland Valley","C.O.","Logan Lake","Cuivre, molybdène, or","Cuivre-molybdène (or)","Highland Valley Mine",0,1,335
"12",0,0,253,41,"QUEBEC","QUÉBEC",-78.4417,48.2506,1,1,15,1,"PRECIOUS",13,"Agnico-Eagle Mines Limited","LaRonde Mine","UG","Cadillac","Gold, copper","Gold-copper (molybdenum, silver)","E",NA,NA,"Mines Agnico-Eagle Limitée","mine LaRonde","SOUT.","Cadillac","Or, cuivre","Or-cuivre (molybdène, argent)","LaRonde Mine",0,1,15
"13",0,0,254,125,"MANITOBA","MANITOBA",-97.9167,55.7,1,1,358,1,"BASEMETAL",12,"Inco Limited","Birchtree Mine","UG","Thompson","Nickel, copper, cobalt, gold, silver, platinum group metals","Nickel-copper (cobalt, gold, silver)","E",NA,NA,"Inco Limitée","mine Birchtree","SOUT.","Thompson","Nickel, cuivre, cobalt, or, argent, métaux du groupe platine","Nickel-cuivre (cobalt, or, argent)","Birchtree Mine",0,1,358
"14",0,0,255,126,"MANITOBA","MANITOBA",-97.8539,55.72,1,0,358,0,"BASEMETAL",12,"Inco Limited","Thompson Mine","UG","Thompson","Nickel, copper, cobalt, gold, silver, platinum group metals","Nickel-copper (cobalt, gold, silver)","E",NA,NA,"Inco Limitée","mine Thompson","SOUT.","Thompson","Nickel, cuivre, cobalt, or, argent, métaux du groupe platine","Nickel-cuivre (cobalt, or, argent)","Thompson Mine",0,1,358
"15",0,0,256,128,"MANITOBA","MANITOBA",-101.8217,54.8292,2,2,355,1,"BASEMETAL",23,"HudBay Minerals Inc.","Callinan and Trout Lake mines","UG","Flin Flon","Copper, zinc, gold, silver, cadmium","Copper-zinc (gold, silver, cadmium)","E",NA,NA,"HudBay Minerals Inc.","mines Callinan et Trout Lake","SOUT.","Flin Flon","Cuivre, zinc, or, argent, cadmium","Cuivre-zinc (or, argent, cadmium)","Callinan and Trout Lake mines",0,1,355
"16",0,0,257,974,"MANITOBA","MANITOBA",-100.1,54.8333,3,3,355,1,"BASEMETAL",16,"HudBay Minerals Inc.","Chisel North Mine","UG","Snow Lake","Zinc","Zinc","E",NA,NA,"HudBay Minerals Inc.","mine Chisel North","SOUT.","Snow Lake","Zinc","Zinc","Chisel North Mine",0,1,355
"17",0,0,259,1010,"SASKATCHEWAN","SASKATCHEWAN",-103.6333,55.6833,1,1,355,1,"PRECIOUS",15,"Claude Resources Inc.","Seabee Mine","UG","La Ronge","Gold","Gold","E",NA,NA,"Les Ressources Claude Inc.","mine Seabee","SOUT.","La Ronge","Or","Or","Seabee Mine",0,1,355
"18",0,0,294,75,"ONTARIO","ONTARIO",-93.7417,51.0625,1,1,2,1,"PRECIOUS",15,"Placer Dome (CLA) Limited","Campbell Mine","UG","Balmertown","Gold","Gold","E",NA,NA,"Placer Dome (CLA) Limited","mine Campbell","SOUT.","Balmertown","Or","Or","Campbell Mine",0,1,2
"19",0,0,295,808,"ONTARIO","ONTARIO",-90.3619,52.6139,6,6,2,1,"PRECIOUS",15,"Placer Dome (CLA) Limited and Kinross Gold Corporation","Musselwhite Mine","UG","Opapamiskan Lake","Gold","Gold","E",NA,NA,"Placer Dome (CLA) Limited et Kinross Gold Corporation","mine Musselwhite","SOUT.","Opapamiskan Lake","Or","Or","Musselwhite Mine",0,1,2
"20",0,0,296,1002,"ONTARIO","ONTARIO",-80.0722,48.1403,9,9,10,1,"PRECIOUS",15,"Kirkland Lake Gold Inc.","Macassa Mine","UG","Kirkland Lake","Gold","Gold","E",NA,NA,"Kirkland Lake Gold Inc.","mine Macassa","SOUT.","Kirkland Lake","Or","Or","Macassa Mine",0,1,10
"21",0,0,367,989,"QUEBEC","QUÉBEC",-77.7564,48.1006,5,0,15,0,"PRECIOUS",15,"McWatters Mining Inc.","Sigma-Lamaque Mine","OP","Val-d'Or","Gold","Gold","XR",NA,"May","Les Mines McWatters Inc.","mine Sigma-Lamaque","C.O.","Val-d'Or","Or","Or","Sigma-Lamaque Mine",0,1,15
"22",0,0,369,1000,"QUEBEC","QUÉBEC",-74.4369,49.4881,2,2,20,1,"PRECIOUS",13,"Campbell Resources Inc.","Joe Mann Mine","UG","Chibougamau","Gold, copper","Gold-copper (molybdenum, silver)","E",NA,NA,"Les Ressources Campbell Inc.","mine Joe Mann","SOUT.","Chibougamau","Or, cuivre","Or-cuivre (molybdène, argent)","Joe Mann Mine",0,1,20
"23",0,0,371,988,"NEWFOUNDLAND AND LABRADOR","TERRE-NEUVE-ET-LABRADOR",-56.25,49.55,1,0,35,0,"PRECIOUS",15,"Richmont Mines Inc.","Hammerdown Mine","UG","Baie Verte","Gold","Gold","C","July",NA,"Mines Richmont Inc.","mine Hammerdown","SOUT.","Baie Verte","Or","Or","Hammerdown Mine",0,1,35
"24",0,0,373,131,"MANITOBA","MANITOBA",-100.0167,54.7167,1,0,355,0,"PRECIOUS",15,"Kinross Gold Corporation","New Britannia Mine","UG","Snow Lake","Gold","Gold","C","September",NA,"Kinross Gold Corporation","mine New Britannia","SOUT.","Snow Lake","Or","Or","New Britannia Mine",0,1,355
"25",0,0,375,1051,"QUEBEC","QUÉBEC",-74.2667,49.9,0,0,20,0,"BASEMETAL",20,NA,"Copper Rand 5000 Mine","Unknown",NA,"Copper, gold","Copper-gold (molybdenum, silver)","XN",NA,"March",NA,"mine Copper Rand 5000","Unknown",NA,"Cuivre, or","Cuivre-or (molybdène, argent)","Copper Rand 5000 Mine",0,1,20
"26",0,0,450,40,"QUEBEC","QUÉBEC",-78.5667,48.2833,1,0,15,0,"PRECIOUS",15,"Cambior Inc.","Mouska Mine","UG","Cadillac","Gold","Gold","R","November",NA,"Cambior inc.","mine Mouska","SOUT.","Cadillac","Or","Or","Mouska Mine",0,1,15
"27",0,0,451,961,"QUEBEC","QUÉBEC",-77.69,49.68,10,0,15,0,"BASEMETAL",19,"Noranda Inc.","Bell-Allard Mine","UG","Matagami","Copper, zinc","Zinc-copper (cadmium, gold, lead, silver)","C","December",NA,"Noranda Inc.","mine Bell-Allard","SOUT.","Matagami","Cuivre, zinc","Zinc-cuivre (cadmium, or, plomb, argent)","Bell-Allard Mine",0,1,15
"28",0,0,452,32,"QUEBEC","QUÉBEC",-78.95,49.6833,6,0,15,0,"BASEMETAL",23,"BHP Billiton Limited","Les Mines Selbaie","OP","Brouillan Township","Copper, gold","Copper-zinc (gold, silver, cadmium)","C","January",NA,"BHP Billiton Limited","Les Mines Selbaie","C.O.","canton de Brouillan","Cuivre, or","Cuivre-zinc (or, argent, cadmium)","Les Mines Selbaie",0,1,15
"29",0,0,453,805,"QUEBEC","QUÉBEC",-74.2972,61.6,8,8,20,1,"BASEMETAL",12,"Falconbridge Limited","Raglan Mine","UG and OP","Ungava","Nickel, copper, cobalt","Nickel-copper (cobalt, gold, silver)","E",NA,NA,"Falconbridge Limitée","mine Raglan","SOUT. et C.O.","Ungava","Nickel, cuivre, cobalt","Nickel-cuivre (cobalt, or, argent)","Raglan Mine",0,1,20
"30",0,0,454,28,"QUEBEC","QUÉBEC",-67.34,52.77,9,9,25,1,"FERROUS",12,"Quebec Cartier Mining Company","Mount-Wright Mine","OP","Mont Wright","Iron","Iron","E",NA,NA,"La Compagnie minière Québec Cartier","mine Mont-Wright","C.O.","Mont Wright","Fer","Fer","Mount-Wright Mine",0,1,25
"31",0,0,456,86,"ONTARIO","ONTARIO",-81.2425,48.4625,4,4,10,1,"PRECIOUS",15,"Placer Dome (CLA) Limited and Kinross Gold Corporation, Porcupine Joint Venture","Dome Mine","OP","South Porcupine","Gold","Gold","XC",NA,"May","Placer Dome (CLA) Limited et Kinross Gold Corporation, Porcupine Joint Venture","mine Dome","C.O.","South Porcupine","Or","Or","Dome Mine",0,1,10
"32",0,0,457,1110,"ONTARIO","ONTARIO",-81.2425,48.4625,4,0,10,0,"PRECIOUS",15,"Placer Dome (CLA) Limited and Kinross Gold Corporation","Dome Mine, U/G","UG and OP","South Porcupine","Gold","Gold","C","May",NA,"Placer Dome (CLA) Limited et Kinross Gold Corporation","mine Dome, SOUT.","SOUT. et C.O.","South Porcupine","Or","Or","Dome Mine U/G",0,1,10
"33",0,0,458,84,"ONTARIO","ONTARIO",-81.0944,48.5417,3,3,10,1,"PRECIOUS",15,"Placer Dome (CLA) Limited and Kinross Gold Corporation, Porcupine Joint Venture","Hoyle Pond Mine","UG","Timmins","Gold","Gold","E",NA,NA,"Placer Dome (CLA) Limited et Kinross Gold Corporation, Porcupine Joint Venture","mine Hoyle Pond","SOUT.","Timmins","Or","Or","Hoyle Pond Mine",0,1,10
"34",0,0,459,1111,"ONTARIO","ONTARIO",-79.7389,48.5139,5,0,15,0,"PRECIOUS",15,"Barrick Gold Corporation","Holt-McDermott Mine","UG","Kirkland Lake","Gold","Gold","C","October",NA,"Barrick Gold Corporation","mine Holt-McDermott","SOUT.","Kirkland Lake","Or","Or","Holt-McDermott Mine",0,1,15
"35",0,0,461,1001,"ONTARIO","ONTARIO",-84.7333,48.0278,10,0,10,0,"PRECIOUS",15,"River Gold Mines Ltd.","Mishi Mine","OP","Wawa","Gold","Gold","C","March",NA,"River Gold Mines Ltd.","mine Mishi","C.O.","Wawa","Or","Or","Mishi Mine",0,1,10
"36",0,0,462,1050,"ONTARIO","ONTARIO",-80.8,46.5833,11,0,10,0,"BASEMETAL",12,"Falconbridge Limited","Lockerby Mine","UG","Sudbury","Nickel, copper","Nickel-copper (cobalt, gold, silver)","CXR","August","December","Falconbridge Limitée","mine Lockerby","SOUT.","Sudbury","Nickel, cuivre","Nickel-cuivre (cobalt, or, argent)","Lockerby Mine",0,1,10
"37",0,0,463,1112,"ONTARIO","ONTARIO",-81.4167,48.75,10,0,10,0,"BASEMETAL",12,"Falconbridge Limited","Montcalm Mine","UG","Timmins","Nickel, copper, platinum group metals, cobalt, silver, gold","Nickel-copper (cobalt, gold, silver)","N","October",NA,"Falconbridge Limitée","mine Montcalm","SOUT.","Timmins","Nickel, cuivre, métaux du groupe platine, cobalt, argent, or","Nickel-cuivre (cobalt, or, argent)","Montcalm Mine",0,1,10
"38",0,0,464,92,"ONTARIO","ONTARIO",-80.8,46.5833,11,11,10,1,"BASEMETAL",12,"Falconbridge Limited","Three mines","UG","Sudbury","Nickel, copper, platinum group metals, cobalt, silver, gold","Nickel-copper (cobalt, gold, silver)","E",NA,NA,"Falconbridge Limitée","trois mines","SOUT.","Sudbury","Nickel, cuivre, métaux du groupe platine, cobalt, argent, or","Nickel-cuivre (cobalt, or, argent)","Three mines",0,1,10
"39",0,0,465,94,"ONTARIO","ONTARIO",-81,46.5,12,12,10,1,"BASEMETAL",12,"Inco Limited","Seven mines","UG","Sudbury","Nickel, copper, gold, silver, platinum group metals, cobalt, selenium, tellurium","Nickel-copper (cobalt, gold, silver)","E",NA,NA,"Inco Limitée","sept mines","SOUT.","Sudbury","Nickel, cuivre, or, argent, métaux du groupe platine, cobalt, sélénium, tellure","Nickel-cuivre (cobalt, or, argent)","Seven mines",0,1,10
"40",0,0,466,1023,"ONTARIO","ONTARIO",-81,46.5,12,0,10,0,"BASEMETAL",12,"NFX Mining Company Inc. and Dynatec Corporation","McCreedy West Mine","UG","Sudbury","Nickel, copper, platinum group metals, cobalt, silver, gold","Nickel-copper (cobalt, gold, silver)","E",NA,NA,"NFX Mining Company Inc. et Dynatec Corporation","mine McCreedy West","SOUT.","Sudbury","Nickel, cuivre, métaux du groupe platine, cobalt, argent, or","Nickel-cuivre (cobalt, or, argent)","McCreedy West Mine",0,1,10
"41",0,0,469,499,"ONTARIO","ONTARIO",-79.72,48.5383,5,5,15,1,"PRECIOUS",15,"Newmont Canada Limited and Teddy Bear Valley Mines, Limited","Holloway Mine","UG","Matheson","Gold","Gold","E",NA,NA,"Newmont Canada Limited et Teddy Bear Valley Mines, Limited","mine Holloway","SOUT.","Matheson","Or","Or","Holloway Mine",0,1,15
"42",0,0,470,846,"SASKATCHEWAN","SASKATCHEWAN",-102.0619,54.6586,4,4,355,1,"BASEMETAL",23,"HudBay Minerals Inc.","Konuto Lake Mine","UG","Creighton","Copper, zinc","Copper-zinc (gold, silver, cadmium)","E",NA,NA,"HudBay Minerals Inc.","mine Konuto Lake","SOUT.","Creighton","Cuivre, zinc","Cuivre-zinc (or, argent, cadmium)","Konuto Lake Mine",0,1,355
"43",0,0,477,83,"ONTARIO","ONTARIO",-81.3667,48.6917,10,10,10,1,"BASEMETAL",19,"Falconbridge Limited","Kidd Creek No. 1 Mine","UG","Timmins","Zinc, copper, silver, lead, cadmium, selenium, indium","Zinc-copper (cadmium, gold, lead, silver)","E",NA,NA,"Falconbridge Limitée","mine Kidd Creek nº 1","SOUT.","Timmins","Zinc, cuivre, argent, plomb, cadmium, sélénium, indium","Zinc-cuivre (cadmium, or, plomb, argent)","Kidd Creek No. 1 Mine",0,1,10
"44",0,0,478,490,"ONTARIO","ONTARIO",-81.3722,48.6944,10,0,10,0,"BASEMETAL",19,"Falconbridge Limited","Kidd Creek No. 2 Mine","UG","Timmins","Zinc, copper, silver, lead, cadmium, selenium, indium","Zinc-copper (cadmium, gold, lead, silver)","E",NA,NA,"Falconbridge Limitée","mine Kidd Creek nº 2","SOUT.","Timmins","Zinc, cuivre, argent, plomb, cadmium, sélénium, indium","Zinc-cuivre (cadmium, or, plomb, argent)","Kidd Creek No. 2 Mine",0,1,10
"45",0,0,479,491,"ONTARIO","ONTARIO",-81.3653,48.6972,10,0,10,0,"BASEMETAL",19,"Falconbridge Limited","Kidd Creek No. 3 Mine","UG","Timmins","Zinc, copper, silver, lead, cadmium, selenium, indium","Zinc-copper (cadmium, gold, lead, silver)","E",NA,NA,"Falconbridge Limitée","mine Kidd Creek nº 3","SOUT.","Timmins","Zinc, cuivre, argent, plomb, cadmium, sélénium, indium","Zinc-cuivre (cadmium, or, plomb, argent)","Kidd Creek No. 3 Mine",0,1,10
"46",0,0,480,839,"BRITISH COLUMBIA","COLOMBIE-BRITANNIQUE",-126.75,57.0042,2,2,330,1,"PRECIOUS",13,"Northgate Minerals Corporation","Kemess Mine","OP","North central British Columbia","Gold, copper","Gold-copper (molybdenum, silver)","E",NA,NA,"Northgate Minerals Corporation","mine Kemess","C.O.","centre Nord de la Colombie-Britannique","Or, cuivre","Or-cuivre (molybdène, argent)","Kemess Mine",0,1,330
"47",0,0,481,1055,"BRITISH COLUMBIA","COLOMBIE-BRITANNIQUE",-122.2917,52.5181,7,7,335,1,"BASEMETAL",25,"Taseko Mines Limited and Ledcor Mining Ltd.","Gibraltar Mine","OP","Williams Lake","Copper, molybdenum, gold","Copper-molybdenum (gold)","R","October",NA,"Taseko Mines Limited et Ledcor Mining Ltd.","mine Gibraltar","C.O.","Williams Lake","Cuivre, molybdène, or","Cuivre-molybdène (or)","Gibraltar Mine",0,1,335
"48",0,0,482,1004,"BRITISH COLUMBIA","COLOMBIE-BRITANNIQUE",-125.5833,49.5667,6,6,330,1,"BASEMETAL",19,"Breakwater Resources Ltd.","Myra Falls Operation","UG","Campbell River","Zinc, copper, gold, silver","Zinc-copper (cadmium, gold, lead, silver)","E",NA,NA,"Ressources Breakwater Ltée","exploitation Myra Falls","SOUT.","Campbell River","Zinc, cuivre, or, argent","Zinc-cuivre (cadmium, or, plomb, argent)","Myra Falls Operation",0,1,330
"49",0,0,483,836,"BRITISH COLUMBIA","COLOMBIE-BRITANNIQUE",-127.1722,53.6806,5,5,330,1,"BASEMETAL",20,"Imperial Metals Corporation, Mitsubishi Materials Corporation, Marubeni Corporation, Dowa Mining Co., Ltd. and Furukawa Co., Ltd.","Huckleberry Mine","OP","Kemano","Copper, gold, molybdenum, silver","Copper-gold (molybdenum, silver)","E",NA,NA,"Imperial Metals Corporation, Mitsubishi Materials Corporation, Marubeni Corporation, Dowa Mining Co., Ltd. et Furukawa Co., Ltd.","mine Huckleberry","C.O.","Kemano","Cuivre, or, molybdène, argent","Cuivre-or (molybdène, argent)","Huckleberry Mine",0,1,330
"50",0,0,486,976,"NORTHWEST TERRITORIES","TERRITOIRES DU NORD-OUEST",-114.3611,62.4992,1,0,345,0,"PRECIOUS",15,"Miramar Mining Corporation","Giant Mine","UG","Yellowknife","Gold","Gold","C","July",NA,"Miramar Mining Corporation","mine Giant","SOUT.","Yellowknife","Or","Or","Giant Mine",0,1,345
"51",0,0,487,977,"NUNAVUT","NUNAVUT",-111.225,65.7647,1,1,345,1,"PRECIOUS",15,"Kinross Gold Corporation","Lupin Mine","UG","Contwoyto Lake","Gold","Gold","RXC","March","February","Kinross Gold Corporation","mine Lupin","SOUT.","Contwoyto Lake","Or","Or","Lupin Mine",0,1,345
"52",0,0,488,1014,"QUEBEC","QUÉBEC",-77.5583,48.1639,5,5,15,1,"PRECIOUS",15,"Richmont Mines Inc. and Louvem Mines Inc.","Beaufor Mine","UG","Val-d'Or","Gold","Gold","E",NA,NA,"Mines Richmont inc. et La Société Minière Louvem Inc.","mine Beaufor","SOUT.","Val-d'Or","Or","Or","Beaufor Mine",0,1,15
"53",0,0,496,1119,"ONTARIO","ONTARIO",-81.115,48.5233,1,0,10,0,"PRECIOUS",15,NA,"Pamour Mine","OP",NA,"Gold","Gold","XR",NA,"May",NA,"mine Pamour","C.O.",NA,"Or","Or","Pamour Mine",0,1,10
"54",0,0,497,1121,"BRITISH COLUMBIA","COLOMBIE-BRITANNIQUE",-121.645,52.5536,1,0,335,0,"BASEMETAL",20,NA,"Mount Polley Mine","Unknown",NA,"Copper, gold","Copper-gold (molybdenum, silver)","XR",NA,"March",NA,"mine Mount Polley","Unknown",NA,"Cuivre, or","Cuivre-or (molybdène, argent)","Mount Polley Mine",0,1,335
"55",0,0,503,50,"QUEBEC","QUÉBEC",-63.415,50.5567,11,11,30,1,"FERROUS",15,"QIT-Fer et Titane inc.","Tio Mine","OP","Havre-Saint-Pierre","Iron, titanium dioxide","Iron-titanium","E",NA,NA,"QIT-Fer et Titane inc.","mine Tio","C.O.","Havre-Saint-Pierre","Fer, dioxyde de titane","Fer-titane","Tio Mine",0,1,30
"56",0,0,504,1123,"NEWFOUNDLAND AND LABRADOR","TERRE-NEUVE-ET-LABRADOR",-62.0833,56.3167,1,0,30,0,"BASEMETAL",12,NA,"Voisey's Bay Mine","Unknown",NA,"Nickel, copper","Nickel-copper (cobalt, gold, silver)","XN",NA,"September",NA,"mine Voisey's Bay","Unknown",NA,"Nickel, cuivre","Nickel-cuivre (cobalt, or, argent)","Voisey's Bay Mine",0,1,30
"57",0,0,507,1,"NEWFOUNDLAND AND LABRADOR","TERRE-NEUVE-ET-LABRADOR",-66.975,53.0217,1,0,25,0,"FERROUS",12,"Iron Ore Company of Canada","Carol Division","OP","Labrador City","Iron","Iron","E",NA,NA,"Compagnie minière IOC","Division Carol","C.O.","Labrador City","Fer","Fer","Carol Division",0,1,25
"58",0,0,508,2,"NEWFOUNDLAND AND LABRADOR","TERRE-NEUVE-ET-LABRADOR",-66.9317,52.9039,1,1,25,1,"FERROUS",12,"Wabush Mines","Scully Mine","OP","Wabush","Iron","Iron","E",NA,NA,"Mines Wabush","mine Scully","C.O.","Wabush","Fer","Fer","Scully Mine",0,1,25
"59",0,0,509,1126,"QUEBEC","QUÉBEC",-77.5833,48.0833,6,0,15,0,"PRECIOUS",15,"South-Malartic Exploration Inc.","Croinor Mine","OP","Val-d'Or","Gold","Gold","N","July",NA,"South-Malartic Exploration Inc.","mine Croinor","C.O.","Val-d'Or","Or","Or","Croinor Mine",0,1,15
"60",0,0,510,45,"QUEBEC","QUÉBEC",-77.5667,48.0667,6,6,15,1,"BASEMETAL",23,"Aur Resources Inc., Novicourt Inc. and Teck Cominco Limited","Louvicourt Mine","UG","Val-d'Or","Copper, zinc, gold","Copper-zinc (gold, silver, cadmium)","XC",NA,"July","Les Ressources Aur Inc., Novicourt Inc. et Teck Cominco Limited","mine Louvicourt","SOUT.","Val-d'Or","Cuivre, zinc, or","Cuivre-zinc (or, argent, cadmium)","Louvicourt Mine",0,1,15
"61",0,0,511,38,"QUEBEC","QUÉBEC",-78.9017,48.3883,7,7,15,1,"BASEMETAL",19,"Breakwater Resources Ltd.","Bouchard-Hébert Mine","UG","Rouyn-Noranda","Zinc, copper, gold, silver","Zinc-copper (cadmium, gold, lead, silver)","XC",NA,"February","Ressources Breakwater Ltée","mine Bouchard-Hébert","SOUT.","Rouyn-Noranda","Zinc, cuivre, or, argent","Zinc-cuivre (cadmium, or, plomb, argent)","Bouchard-Hébert Mine",0,1,15
