"","AREA","PERIMETER","PNT900A_","PNT900A_ID","PROVINCE","FPROVINCE","LONGITUDE","LATITUDE","RANK","RANKSYM","COLOUR1","COLOUR2","SYMANGLE","MAPSYM","INSET1","INSET2","INSETSYM1","INSETSYM2","COMPANY","MINESITE","LOCATION","PRODUCT1","PRODUCT2","PRODUCT3","GROUP1","GROUP2","STATUS","YEAR","FCOMPANY","FMINESITE","FLOCATION","FPRODUCT1","FPRODUCT2","FPRODUCT3","FGROUP1","FGROUP2","SELECTOR","POLYGONID","SCALE","ANGLE"
"1",0,0,26,222,"NUNAVUT","NUNAVUT",-96.9417,75.3889,1,1,"RED1",NA,358,1,"BASEMETAL","NONE",17,0,"Cominco Ltd. and Teck Corporation","Polaris Mine","Little Cornwallis Island","Zinc, lead",NA,NA,"Zinc-lead (copper, gold, silver, tin)","None","E",1999,"Cominco Ltée et Corporation Teck","mine Polaris","Little Cornwallis Island","Zinc, plomb",NA,NA,"Zinc-plomb (cuivre, or, argent, étain)",NA,"Polaris Mine",0,1,358
"2",0,0,27,223,"NUNAVUT","NUNAVUT",-84.475,73.0417,2,2,"RED1",NA,10,1,"BASEMETAL","NONE",17,0,"Breakwater Resources Ltd.","Nanisivik Mine","Strathcona Sound","Zinc, lead, silver",NA,NA,"Zinc-lead (copper, gold, silver, tin)","None","E",1999,"Ressources Breakwater Ltée","mine Nanisivik","Strathcona Sound","Zinc, plomb, argent",NA,NA,"Zinc-plomb (cuivre, or, argent, étain)",NA,"Nanisivik Mine",0,1,10
"3",0,0,30,28,"QUEBEC","QUÉBEC",-67.34,52.77,1,1,"RED1",NA,25,1,"FERROUS","NONE",12,0,"Quebec Cartier Mining Company","Mount Wright Mine","Mont Wright","Iron",NA,NA,"Iron","None","E",1999,"La Compagnie minière Québec Cartier","mine Mont-Wright","Mont Wright","Fer",NA,NA,"Fer",NA,"Mount Wright Mine",0,1,25
"4",0,0,53,182,"BRITISH COLUMBIA","COLOMBIE-BRITANNIQUE",-131.25,56.5,0,0,"RED1",NA,325,0,"PRECIOUS","NONE",13,0,"Prime Resources Group Inc.","Snip Mine","Iskut River","Gold, copper, silver",NA,NA,"Gold-copper (molybdenum, silver)","None","C",1998,"Prime Resources Group Inc.","mine Snip","Iskut River","Or, cuivre, argent",NA,NA,"Or-cuivre (molybdène, argent)",NA,"Snip Mine",0,1,325
"5",0,0,54,194,"BRITISH COLUMBIA","COLOMBIE-BRITANNIQUE",-130.4653,56.65,1,1,"RED1",NA,325,1,"PRECIOUS","NONE",12,0,"Homestake Mining Company","Eskay Creek Mine","Stewart","Gold, silver",NA,NA,"Gold-silver","None","E",1999,"Homestake Mining Company","mine Eskay Creek","Stewart","Or, argent",NA,NA,"Or-argent",NA,"Eskay Creek Mine",0,1,325
"6",0,0,56,472,"BRITISH COLUMBIA","COLOMBIE-BRITANNIQUE",-122.2917,52.5181,0,0,NA,NA,335,0,"BASEMETAL","NONE",25,0,"Boliden Westmin (Canada) Limited","Gibraltar Mine","McLeese Lake","Copper, molybdenum",NA,NA,"Copper-molybdenum (gold)","None","C",1998,"Boliden Westmin (Canada) Limited","mine Gibraltar","McLeese Lake","Cuivre, molybdène",NA,NA,"Cuivre-molybdène (or)",NA,"Gibraltar Mine",0,1,335
"7",0,0,57,192,"BRITISH COLUMBIA","COLOMBIE-BRITANNIQUE",-116.0056,49.7083,4,4,"RED1",NA,340,1,"BASEMETAL","NONE",28,0,"Cominco Ltd.","Sullivan Mine","Kimberly","Lead, zinc, silver, tin, bismuth",NA,NA,"Lead-zinc (silver, tin, bismuth)","None","E",1999,"Cominco Ltée","mine Sullivan","Kimberly","Plomb, zinc, argent, étain, bismuth",NA,NA,"Plomb-zinc (argent, étain, bismuth)",NA,"Sullivan Mine",0,1,340
"8",0,0,58,187,"BRITISH COLUMBIA","COLOMBIE-BRITANNIQUE",-121.05,50.4667,3,3,"RED1",NA,335,1,"BASEMETAL","NONE",25,0,"Cominco Ltd., Rio Algom Limited, Teck Corporation and Highmont Mining Company","Highland Valley Copper Mine","Logan Lake","Copper, molybdenum, gold",NA,NA,"Copper-molybdenum (gold)","None","E",1999,"Cominco Ltée, Rio Algom Limitée, Corporation Teck et Highmont Mining Company","mine Highland Valley Copper","Logan Lake","Cuivre, molybdène, or",NA,NA,"Cuivre-molybdène (or)",NA,"Highland Valley Copper Mine",0,1,335
"9",0,0,59,836,"BRITISH COLUMBIA","COLOMBIE-BRITANNIQUE",-127.1722,53.6806,5,5,"RED1",NA,330,1,"BASEMETAL","NONE",20,0,"Imperial Metals Corporation, Mitsubishi Materials Corporation, Marubeni Corporation, Dowa Mining Co., Ltd. and Furukawa Co. Ltd.","Huckleberry Mine","Kemano","Copper, gold, molybdenum, silver",NA,NA,"Copper-gold (molybdenum, silver)","None","E",1999,"Imperial Metals Corporation, Mitsubishi Materials Corporation, Marubeni Corporation, Dowa Mining Co., Ltd. et Furukawa Co. Ltd.","mine Huckleberry","Kemano","Cuivre, or, molybdène, argent",NA,NA,"Cuivre-or (molybdène, argent)",NA,"Huckleberry Mine",0,1,330
"10",0,0,60,811,"BRITISH COLUMBIA","COLOMBIE-BRITANNIQUE",-121.645,52.5536,6,6,"RED1",NA,335,1,"PRECIOUS","NONE",13,0,"Imperial Metals Corporation and Sumitomo Corp.","Mount Polley Mine","McLeese Lake","Gold, copper",NA,NA,"Gold-copper (molybdenum, silver)","None","E",1999,"Imperial Metals Corporation et Sumitomo Corp.","mine Mount Polley","McLeese Lake","Or, cuivre",NA,NA,"Or-cuivre (molybdène, argent)",NA,"Mount Polley Mine",0,1,335
"11",0,0,61,839,"BRITISH COLUMBIA","COLOMBIE-BRITANNIQUE",-126.75,57.0042,8,8,"RED1",NA,330,1,"PRECIOUS","NONE",13,0,"Northgate Exploration Limited","Kemess Mine","North-Central British Columbia","Gold, copper",NA,NA,"Gold-copper (molybdenum, silver)","None","E",1999,"Explorations Northgate Limitée","mine Kemess","centre-nord de la Colombie-Britannique","Or, cuivre",NA,NA,"Or-cuivre (molybdène, argent)",NA,"Kemess Mine",0,1,330
"12",0,0,62,813,"BRITISH COLUMBIA","COLOMBIE-BRITANNIQUE",-132.2833,58.2167,7,7,"RED1",NA,325,1,"PRECIOUS","NONE",15,0,"North American Metals Corp.","Golden Bear Mine","Telegraph Creek","Gold",NA,NA,"Gold","None","E",1999,"North American Metals Corp.","mine Golden Bear","Telegraph Creek","Or",NA,NA,"Or",NA,"Golden Bear Mine",0,1,325
"13",0,0,63,38,"QUEBEC","QUÉBEC",-78.9017,48.3883,3,0,"RED1",NA,15,0,"BASEMETAL","NONE",19,0,"Cambior Inc.","Bouchard-Hébert Mine","Rouyn-Noranda","Zinc, copper, gold, silver",NA,NA,"Zinc-copper (cadmium, gold, lead, silver)","None","E",1999,"Cambior Inc.","mine Bouchard-Hébert","Rouyn-Noranda","Zinc, cuivre, or, argent",NA,NA,"Zinc-cuivre (cadmium, or, plomb, argent)",NA,"Bouchard-Hébert Mine",0,1,15
"14",0,0,64,32,"QUEBEC","QUÉBEC",-78.95,49.6833,2,2,"RED1",NA,15,1,"BASEMETAL","NONE",23,0,"Billiton Metals Canada Inc.","Selbaie Mine","Brouillan Township","Copper, zinc, gold, silver",NA,NA,"Copper-zinc (gold, silver, cadmium)","None","E",1999,"Les métaux Billiton Canada Inc.","mine Selbaie","canton de Brouillan","Cuivre, zinc, or, argent",NA,NA,"Cuivre-zinc (or, argent, cadmium)",NA,"Selbaie Mine",0,1,15
"15",0,0,65,800,"QUEBEC","QUÉBEC",-78.9533,48.325,3,3,"RED1",NA,15,1,"BASEMETAL","NONE",16,0,"Noranda Inc.","Gallen Mine","Rouyn-Noranda","Zinc",NA,NA,"Zinc","None","E",1999,"Noranda Inc.","mine Gallen","Rouyn-Noranda","Zinc",NA,NA,"Zinc",NA,"Gallen Mine",0,1,15
"16",0,0,81,943,"BRITISH COLUMBIA","COLOMBIE-BRITANNIQUE",-122.4886,51.3239,0,0,"RED1",NA,335,0,"PRECIOUS","NONE",15,0,"Claimstaker Resources Ltd., MCM Minerals Ltd. and Petro Plus Inc.","Blackdome Mine","Clinton","Gold",NA,NA,"Gold","None","C",1998,"Claimstaker Resources Ltd., MCM Minerals Ltd. et Petro Plus Inc.","mine Blackdome","Clinton","Or",NA,NA,"Or",NA,"Blackdome Mine",0,1,335
"17",0,0,86,475,"MANITOBA","MANITOBA",-100.4472,56.9111,1,1,"RED1",NA,355,1,"PRECIOUS","NONE",15,0,"Black Hawk Mining Inc.","Keystone Mine (Farley Lake)","Lynn Lake","Gold",NA,NA,"Gold","None","E",1999,"Compagnie Minière Black Hawk Inc.","mine Keystone (Farley Lake)","Lynn Lake","Or",NA,NA,"Or",NA,"Keystone Mine (Farley Lake)",0,1,355
"18",0,0,87,124,"MANITOBA","MANITOBA",-99.6372,56.475,2,2,"RED1",NA,358,1,"BASEMETAL","NONE",23,0,"Hudson Bay Mining and Smelting Co., Limited","Ruttan Mine","Leaf Rapids","Copper, zinc, silver, gold",NA,NA,"Copper-zinc (gold, silver, cadmium)","None","E",1999,"La Compagnie Minière et Métallurgique de la Baie d'Hudson Limitée","mine Ruttan","Leaf Rapids","Cuivre, zinc, argent, or",NA,NA,"Cuivre-zinc (or, argent, cadmium)",NA,"Ruttan Mine",0,1,358
"19",0,0,88,125,"MANITOBA","MANITOBA",-97.9167,55.7,3,3,"RED1",NA,358,1,"BASEMETAL","NONE",12,0,"Inco Limited","Birchtree Mine","Thompson","Nickel, copper, cobalt, gold, silver, platinum group metals",NA,NA,"Nickel-copper (cobalt, gold, silver)","None","E",1999,"Inco Limitée","mine Birchtree","Thompson","Nickel, cuivre, cobalt, or, argent, métaux du groupe platine",NA,NA,"Nickel-cuivre (cobalt, or, argent)",NA,"Birchtree Mine",0,1,358
"20",0,0,89,126,"MANITOBA","MANITOBA",-97.8539,55.72,3,0,"RED1",NA,358,0,"BASEMETAL","NONE",12,0,"Inco Limited","Thompson Mine","Thompson","Nickel, copper, cobalt, gold, silver, platinum group metals",NA,NA,"Nickel-copper (cobalt, gold, silver)","None","E",1999,"Inco Limitée","mine Thompson","Thompson","Nickel, cuivre, cobalt, or, argent, métaux du groupe platine",NA,NA,"Nickel-cuivre (cobalt, or, argent)",NA,"Thompson Mine",0,1,358
"21",0,0,90,128,"MANITOBA","MANITOBA",-101.8217,54.8292,4,4,"RED1",NA,355,1,"BASEMETAL","NONE",23,0,"Hudson Bay Mining and Smelting Co., Limited","Callinan and Trout Lake Mines","Flin Flon","Copper, zinc, gold, silver, cadmium",NA,NA,"Copper-zinc (gold, silver, cadmium)","None","E",1999,"La Compagnie Minière et Métallurgique de la Baie d'Hudson Limitée","mines Callinan et Trout Lake","Flin Flon","Cuivre, zinc, or, argent, cadmium",NA,NA,"Cuivre-zinc (or, argent, cadmium)",NA,"Callinan and Trout Lake Mines",0,1,355
"22",0,0,92,131,"MANITOBA","MANITOBA",-100.0167,54.7167,6,6,"RED1",NA,355,1,"PRECIOUS","NONE",15,0,"TVX Gold Inc. and High River Gold Mines Ltd.","New Britannia Mine","Snow Lake","Gold",NA,NA,"Gold","None","E",1999,"Or TVX Inc. et High River Gold Mines Ltd.","mine New Britannia","Snow Lake","Or",NA,NA,"Or",NA,"New Britannia Mine",0,1,355
"23",0,0,93,842,"MANITOBA","MANITOBA",-95.6861,51.0278,7,7,"RED1",NA,358,1,"PRECIOUS","NONE",15,0,"Harmony Gold (Canada) Inc.","Bisset Mine","Winnipeg","Gold",NA,NA,"Gold","None","E",1999,"Harmony Gold (Canada) Inc.","mine Bisset","Winnipeg","Or",NA,NA,"Or",NA,"Bisset Mine",0,1,358
"24",0,0,98,21,"NEW BRUNSWICK","NOUVEAU-BRUNSWICK",-65.89,47.475,1,1,"RED1",NA,25,1,"BASEMETAL","NONE",17,0,"Noranda Inc.","Brunswick Mine","Bathurst","Zinc, lead, silver, copper, bismuth, cadmium",NA,NA,"Zinc-lead (copper, gold, silver, tin)","None","E",1999,"Noranda Inc.","mine Brunswick","Bathurst","Zinc, plomb, argent, cuivre, bismuth, cadmium",NA,NA,"Zinc-plomb (cuivre, or, argent, étain)",NA,"Brunswick Mine",0,1,25
"25",0,0,99,22,"NEW BRUNSWICK","NOUVEAU-BRUNSWICK",-66.25,47.2833,0,0,"RED1",NA,25,0,"BASEMETAL","NONE",19,0,"Noranda Inc., Heath Steele Division","B and C Mines","Newcastle","Zinc, copper, lead, silver",NA,NA,"Zinc-copper (cadmium, gold, lead, silver)","None","C",1998,"Noranda Inc., Division Heath Steele","mines B et C","Newcastle","Zinc, cuivre, plomb, argent",NA,NA,"Zinc-cuivre (cadmium, or, plomb, argent)",NA,"B and C Mines",0,1,25
"26",0,0,102,2,"NEWFOUNDLAND","TERRE-NEUVE",-66.9317,52.9039,1,1,"RED1",NA,25,1,"FERROUS","NONE",12,0,"Wabush Mines","Scully Mine","Wabush","Iron",NA,NA,"Iron","None","E",1999,"Mines Wabush","mine Scully","Wabush","Fer",NA,NA,"Fer",NA,"Scully Mine",0,1,25
"27",0,0,103,796,"NEWFOUNDLAND","TERRE-NEUVE",-55.7756,49.8361,2,2,"RED1",NA,35,1,"PRECIOUS","NONE",15,0,"Richmont Mines Inc.","Nugget Pond Mine","Baie Verte","Gold",NA,NA,"Gold","None","E",1999,"Mines Richmont Inc.","mine Nugget Pond","Baie Verte","Or",NA,NA,"Or",NA,"Nugget Pond Mine",0,1,35
"28",0,0,104,1,"NEWFOUNDLAND","TERRE-NEUVE",-66.975,53.0217,1,0,"RED1",NA,25,0,"FERROUS","NONE",12,0,"Iron Ore Company of Canada","Carol Division","Labrador City","Iron",NA,NA,"Iron","None","E",1999,"Compagnie minière IOC","Division Carol","Labrador City","Fer",NA,NA,"Fer",NA,"Carol Division",0,1,25
"29",0,0,108,952,"NORTHWEST TERRITORIES","TERRITOIRES DU NORD-OUEST",-114.3611,62.4397,1,1,"RED1",NA,345,1,"PRECIOUS","NONE",15,0,"Miramar Mining Corporation","Con Mine","Yellowknife","Gold",NA,NA,"Gold","None","E",1999,"Miramar Mining Corporation","mine Con","Yellowknife","Or",NA,NA,"Or",NA,"Con Mine",0,1,345
"30",0,0,147,75,"ONTARIO","ONTARIO",-93.7417,51.0625,1,1,"RED1",NA,2,1,"PRECIOUS","NONE",15,0,"Placer Dome North America","Campbell Mine","Balmertown","Gold",NA,NA,"Gold","None","E",1999,"Placer Dome North America","mine Campbell","Balmertown","Or",NA,NA,"Or",NA,"Campbell Mine",0,1,2
"31",0,0,148,845,"ONTARIO","ONTARIO",-80.3444,48.4611,2,2,"RED1",NA,10,1,"PRECIOUS","NONE",15,0,"Exall Resources Limited and Glimmer Resources Inc.","Glimmer Mine","Matheson","Gold",NA,NA,"Gold","None","E",1999,"Exall Resources Limited et Glimmer Resources Inc.","mine Glimmer","Matheson","Or",NA,NA,"Or",NA,"Glimmer Mine",0,1,10
"32",0,0,149,78,"ONTARIO","ONTARIO",-85.9083,48.6931,3,3,"RED1",NA,5,1,"PRECIOUS","NONE",12,0,"Battle Mountain Canada Ltd.","Golden Giant Mine","Marathon","Gold, silver",NA,NA,"Gold-silver","None","E",1999,"Battle Mountain Canada Ltd.","mine Golden Giant","Marathon","Or, argent",NA,NA,"Or-argent",NA,"Golden Giant Mine",0,1,5
"33",0,0,150,80,"ONTARIO","ONTARIO",-85.9028,48.6944,3,0,"RED1",NA,5,0,"PRECIOUS","NONE",12,0,"Homestake Canada Inc. and Teck Corporation","David Bell Mine","Marathon","Gold, silver",NA,NA,"Gold-silver","None","E",1999,"Homestake Canada Inc. et Corporation Teck","mine David Bell","Marathon","Or, argent",NA,NA,"Or-argent",NA,"David Bell Mine",0,1,5
"34",0,0,151,79,"ONTARIO","ONTARIO",-85.9111,48.6917,3,0,"RED1",NA,5,0,"PRECIOUS","NONE",12,0,"Homestake Canada Inc. and Teck Corporation","Williams Mine","Marathon","Gold, silver",NA,NA,"Gold-silver","None","E",1999,"Homestake Canada Inc. et Corporation Teck","mine Williams","Marathon","Or, argent",NA,NA,"Or-argent",NA,"Williams Mine",0,1,5
"35",0,0,152,806,"ONTARIO","ONTARIO",-84.7333,48.025,4,4,"RED1",NA,10,1,"PRECIOUS","NONE",15,0,"VenCan Gold Corporation and River Gold Mines Ltd.","Edwards Mine","Wawa","Gold",NA,NA,"Gold","None","E",1999,"VenCan Gold Corporation et River Gold Mines Ltd.","mine Edwards","Wawa","Or",NA,NA,"Or",NA,"Edwards Mine",0,1,10
"36",0,0,153,82,"ONTARIO","ONTARIO",-79.7056,50.0139,0,0,"RED1",NA,15,0,"PRECIOUS","NONE",15,0,"Placer Dome North America","Detour Lake Mine","Timmins","Gold",NA,NA,"Gold","None","C",1998,"Placer Dome North America","mine Detour Lake","Timmins","Or",NA,NA,"Or",NA,"Detour Lake Mine",0,1,15
"37",0,0,154,83,"ONTARIO","ONTARIO",-81.3667,48.6917,5,5,"RED1",NA,10,1,"BASEMETAL","NONE",19,0,"Falconbridge Limited","Kidd Creek No. 1 Mine","Timmins","Zinc, copper, silver, lead, cadmium, selenium, indium",NA,NA,"Zinc-copper (cadmium, gold, lead, silver)","None","E",1999,"Falconbridge Limitée","mine Kidd Creek n° 1","Timmins","Zinc, cuivre, argent, plomb, cadmium, sélénium, indium",NA,NA,"Zinc-cuivre (cadmium, or, plomb, argent)",NA,"Kidd Creek No. 1 Mine",0,1,10
"38",0,0,155,490,"ONTARIO","ONTARIO",-81.3722,48.6944,5,0,"RED1",NA,10,0,"BASEMETAL","NONE",19,0,"Falconbridge Limited","Kidd Creek No. 2 Mine","Timmins","Zinc, copper, silver, lead, cadmium, selenium, indium",NA,NA,"Zinc-copper (cadmium, gold, lead, silver)","None","E",1999,"Falconbridge Limitée","mine Kidd Creek n° 2","Timmins","Zinc, cuivre, argent, plomb, cadmium, sélénium, indium",NA,NA,"Zinc-cuivre (cadmium, or, plomb, argent)",NA,"Kidd Creek No. 2 Mine",0,1,10
"39",0,0,156,491,"ONTARIO","ONTARIO",-81.3653,48.6972,5,0,"RED1",NA,10,0,"BASEMETAL","NONE",19,0,"Falconbridge Limited","Kidd Creek No. 3 Mine","Timmins","Zinc, copper, silver, lead, cadmium, selenium, indium",NA,NA,"Zinc-copper (cadmium, gold, lead, silver)","None","E",1999,"Falconbridge Limitée","mine Kidd Creek n° 3","Timmins","Zinc, cuivre, argent, plomb, cadmium, sélénium, indium",NA,NA,"Zinc-cuivre (cadmium, or, plomb, argent)",NA,"Kidd Creek No. 3 Mine",0,1,10
"40",0,0,157,84,"ONTARIO","ONTARIO",-81.0944,48.5417,6,6,"RED1",NA,10,1,"PRECIOUS","NONE",15,0,"Kinross Gold Corporation","Hoyle Pond Mine","Timmins","Gold",NA,NA,"Gold","None","E",1999,"Kinross Gold Corporation","mine Hoyle Pond","Timmins","Or",NA,NA,"Or",NA,"Hoyle Pond Mine",0,1,10
"41",0,0,158,492,"ONTARIO","ONTARIO",-81.0917,48.5292,0,0,"RED1",NA,10,0,"PRECIOUS","NONE",15,0,"Royal Oak Mines Inc. (in receivership)","Hoyle Mine","Timmins","Gold",NA,NA,"Gold","None","C",1998,"Royal Oak Mines Inc. (mise sous séquestre)","mine Hoyle","Timmins","Or",NA,NA,"Or",NA,"Hoyle Mine",0,1,10
"42",0,0,159,502,"ONTARIO","ONTARIO",-80.9731,48.4939,0,0,"RED1",NA,10,0,"PRECIOUS","NONE",15,0,"Royal Oak Mines Inc. (in receivership)","Nighthawk Lake Mine","Timmins","Gold",NA,NA,"Gold","None","C",1998,"Royal Oak Mines Inc. (mise sous séquestre)","mine Nighthawk Lake","Timmins","Or",NA,NA,"Or",NA,"Nighthawk Lake Mine",0,1,10
"43",0,0,160,493,"ONTARIO","ONTARIO",-81.115,48.5233,0,0,"RED1",NA,10,0,"PRECIOUS","NONE",15,0,"Royal Oak Mines Inc. (in receivership)","Pamour Mine","Timmins","Gold",NA,NA,"Gold","None","C",1998,"Royal Oak Mines Inc. (mise sous séquestre)","mine Pamour","Timmins","Or",NA,NA,"Or",NA,"Pamour Mine",0,1,10
"44",0,0,161,86,"ONTARIO","ONTARIO",-81.2425,48.4625,7,7,"RED1",NA,10,1,"PRECIOUS","NONE",15,0,"Placer Dome North America","Dome Mine","South Porcupine","Gold",NA,NA,"Gold","None","E",1999,"Placer Dome North America","mine Dome","South Porcupine","Or",NA,NA,"Or",NA,"Dome Mine",0,1,10
"45",0,0,162,495,"ONTARIO","ONTARIO",-80.1167,48.2333,0,0,"RED1",NA,10,0,"PRECIOUS","NONE",15,0,"Kinross Gold Corporation","Lake Shore Tailings","Kirkland Lake","Gold",NA,NA,"Gold","None","C",1998,"Kinross Gold Corporation","traitement de résidus provenant de Lake Shore","Kirkland Lake","Or",NA,NA,"Or",NA,"Lake Shore Tailings",0,1,10
"46",0,0,163,494,"ONTARIO","ONTARIO",-80.0722,48.1403,0,0,"RED1",NA,10,0,"PRECIOUS","NONE",15,0,"Kinross Gold Corporation","Macassa Mine","Kirkland Lake","Gold",NA,NA,"Gold","None","C",1998,"Kinross Gold Corporation","mine Macassa","Kirkland Lake","Or",NA,NA,"Or",NA,"Macassa Mine",0,1,10
"47",0,0,164,499,"ONTARIO","ONTARIO",-79.72,48.5383,8,8,"RED1",NA,15,1,"PRECIOUS","NONE",15,0,"Battle Mountain Canada Ltd. and Teddy Bear Valley Mines, Limited","Holloway Mine","Matheson","Gold",NA,NA,"Gold","None","E",1999,"Battle Mountain Canada Ltd. et Teddy Bear Valley Mines, Limited","mine Holloway","Matheson","Or",NA,NA,"Or",NA,"Holloway Mine",0,1,15
"48",0,0,165,88,"ONTARIO","ONTARIO",-79.7389,48.5139,8,0,"RED1",NA,15,0,"PRECIOUS","NONE",15,0,"Barrick Gold Corporation","Holt-McDermott Mine","Kirkland Lake","Gold",NA,NA,"Gold","None","E",1999,"Société aurifère Barrick inc.","mine Holt-McDermott","Kirkland Lake","Or",NA,NA,"Or",NA,"Holt-McDermott Mine",0,1,15
"49",0,0,166,809,"ONTARIO","ONTARIO",-93.9139,50.9667,0,0,"RED1",NA,2,0,"PRECIOUS","NONE",15,0,"Madsen Gold Corp.","Madsen Mine","Red Lake","Gold",NA,NA,"Gold","None","C",1998,"Madsen Gold Corp.","mine Madsen","Red Lake","Or",NA,NA,"Or",NA,"Madsen Mine",0,1,2
"50",0,0,167,92,"ONTARIO","ONTARIO",-80.8,46.5833,9,9,"RED1",NA,10,1,"BASEMETAL","NONE",12,0,"Falconbridge Limited","Five mines","Sudbury","Nickel, copper, platinum group metals, cobalt, silver, gold",NA,NA,"Nickel-copper (cobalt, gold, silver)","None","E",1999,"Falconbridge Limitée","cinq mines","Sudbury","Nickel, cuivre, métaux du groupe platine, cobalt, argent, or",NA,NA,"Nickel-cuivre (cobalt, or, argent)",NA,"Five mines",0,1,10
"51",0,0,168,808,"ONTARIO","ONTARIO",-90.3619,52.6139,10,10,"RED1",NA,2,1,"PRECIOUS","NONE",15,0,"Placer Dome North America and TVX Gold Inc.","Musselwhite Mine","Opapamiskan Lake","Gold",NA,NA,"Gold","None","E",1999,"Placer Dome North America et Or TVX Inc.","mine Musselwhite","Opapamiskan Lake","Or",NA,NA,"Or",NA,"Musselwhite Mine",0,1,2
"52",0,0,169,94,"ONTARIO","ONTARIO",-81,46.5,11,11,"RED1",NA,10,1,"BASEMETAL","NONE",12,0,"Inco Limited","Nine mines","Sudbury","Nickel, copper, gold, silver, platinum group metals, cobalt, selenium, tellurium",NA,NA,"Nickel-copper (cobalt, gold, silver)","None","E",1999,"Inco Limitée","neuf mines","Sudbury","Nickel, cuivre, or, argent, métaux du groupe platine, cobalt, sélénium, tellure",NA,NA,"Nickel-cuivre (cobalt, or, argent)",NA,"Twelve mines",0,1,10
"53",0,0,172,98,"ONTARIO","ONTARIO",-85.4556,47.9764,14,14,"RED1",NA,5,1,"PRECIOUS","NONE",15,0,"River Gold Mines Ltd.","Eagle River Mine","Wawa","Gold",NA,NA,"Gold","None","E",1999,"River Gold Mines Ltd.","mine Eagle River","Wawa","Or",NA,NA,"Or",NA,"Eagle River Mine",0,1,5
"54",0,0,173,957,"ONTARIO","ONTARIO",-80.3333,48.5,2,0,"RED1",NA,10,0,"PRECIOUS","NONE",15,0,"St. Andrew Goldfields Ltd.","Hislop West Mine","Matheson","Gold",NA,NA,"Gold","None","E",1999,"St. Andrew Goldfields Ltd.","mine Hislop West","Matheson","Or",NA,NA,"Or",NA,"Hislop West Mine",0,1,10
"55",0,0,196,41,"QUEBEC","QUÉBEC",-78.4417,48.2506,4,0,"RED1",NA,15,0,"PRECIOUS","NONE",13,0,"Agnico-Eagle Mines Limited","LaRonde Mine","Cadillac","Gold, copper",NA,NA,"Gold-copper (molybdenum, silver)","None","E",1999,"Mines Agnico-Eagle Limitée","mine LaRonde","Cadillac","Or, cuivre",NA,NA,"Or-cuivre (molybdène, argent)",NA,"LaRonde Mine",0,1,15
"56",0,0,197,960,"QUEBEC","QUÉBEC",-78.4917,48.25,4,4,"RED1",NA,15,1,"PRECIOUS","NONE",12,0,"Barrick Gold Corporation","Bousquet Mine","Cadillac","Gold, silver",NA,NA,"Gold-silver","None","E",1999,"Société aurifère Barrick inc.","mine Bousquet","Cadillac","Or, argent",NA,NA,"Or-argent",NA,"Bousquet Mine",0,1,15
"57",0,0,198,42,"QUEBEC","QUÉBEC",-78.52,48.2567,4,0,"RED1",NA,15,0,"PRECIOUS","NONE",15,0,"Cambior Inc.","Doyon Mine","Cadillac","Gold",NA,NA,"Gold","None","E",1999,"Cambior Inc.","mine Doyon","Cadillac","Or",NA,NA,"Or",NA,"Doyon Mine",0,1,15
"58",0,0,199,40,"QUEBEC","QUÉBEC",-78.5667,48.2833,4,0,"RED1",NA,15,0,"PRECIOUS","NONE",15,0,"Cambior Inc.","Mouska Mine","Rouyn-Noranda","Gold",NA,NA,"Gold","None","E",1999,"Cambior Inc.","mine Mouska","Rouyn-Noranda","Or",NA,NA,"Or",NA,"Mouska Mine",0,1,15
"59",0,0,200,43,"QUEBEC","QUÉBEC",-77.8431,48.0839,0,0,"RED1",NA,15,0,"PRECIOUS","NONE",15,0,"Western Quebec Mines Inc.","Joubi Mine","Val-d'Or","Gold",NA,NA,"Gold","None","C",1998,"Mines Western Québec Inc.","mine Joubi","Val-d'Or","Or",NA,NA,"Or",NA,"Joubi Mine",0,1,15
"60",0,0,201,45,"QUEBEC","QUÉBEC",-77.5667,48.0667,6,0,"RED1",NA,15,0,"BASEMETAL","NONE",23,0,"Aur Resources Inc., Novicourt Inc. and Teck Corporation","Louvicourt Mine","Val-d'Or","Copper, zinc, gold",NA,NA,"Copper-zinc (gold, silver, cadmium)","None","E",1999,"Les Ressources Aur Inc., Novicourt Inc. et Corporation Teck","mine Louvicourt","Val-d'Or","Cuivre, zinc, or",NA,NA,"Cuivre-zinc (or, argent, cadmium)",NA,"Louvicourt Mine",0,1,15
"61",0,0,202,507,"QUEBEC","QUÉBEC",-76.75,49.25,7,7,"RED1",NA,15,1,"BASEMETAL","NONE",19,0,"Cambior Inc.","Langlois Mine","Lebel-sur-Quévillon","Zinc, copper, silver",NA,NA,"Zinc-copper (cadmium, gold, lead, silver)","None","E",1999,"Cambior Inc.","mine Langlois","Lebel-sur-Quévillon","Zinc, cuivre, argent",NA,NA,"Zinc-cuivre (cadmium, or, plomb, argent)",NA,"Langlois Mine",0,1,15
"62",0,0,203,44,"QUEBEC","QUÉBEC",-77.7564,48.1006,5,5,"RED1",NA,15,1,"PRECIOUS","NONE",15,0,"McWatters Mining Inc.","Sigma and Kiena mines","Val-d'Or","Gold",NA,NA,"Gold","None","E",1999,"Les Mines McWatters Inc.","mines Sigma et Kiena","Val-d'Or","Or",NA,NA,"Or",NA,"Sigma and Kiena mines",0,1,15
"63",0,0,204,508,"QUEBEC","QUÉBEC",-77.5583,48.1639,6,6,"RED1",NA,15,1,"PRECIOUS","NONE",15,0,"Aurizon Mines Ltd.","Beaufor Mine","Val-d'Or","Gold",NA,NA,"Gold","None","E",1999,"Mines Aurizon Ltée","mine Beaufor","Val-d'Or","Or",NA,NA,"Or",NA,"Beaufor Mine",0,1,15
"64",0,0,207,50,"QUEBEC","QUÉBEC",-63.415,50.5567,9,9,"RED1",NA,30,1,"FERROUS","NONE",15,0,"QIT Fer et Titane inc.","Tio Mine","Havre-Saint-Pierre","Iron, titanium dioxide",NA,NA,"Iron-titanium","None","E",1999,"QIT Fer et Titane inc.","mine Tio","Havre-Saint-Pierre","Fer, dioxyde de titane",NA,NA,"Fer-titane",NA,"Tio Mine",0,1,30
"65",0,0,208,51,"QUEBEC","QUÉBEC",-77.9667,49.1167,10,10,"RED1",NA,15,1,"PRECIOUS","NONE",15,0,"Cambior Inc. and Aurizon Mines Ltd.","Sleeping Giant Mine","Amos","Gold",NA,NA,"Gold","None","E",1999,"Cambior Inc. et Mines Aurizon Ltée","mine Géant Dormant","Amos","Or",NA,NA,"Or",NA,"Sleeping Giant Mine",0,1,15
"66",0,0,209,801,"QUEBEC","QUÉBEC",-74.5306,50.9806,11,11,"RED1",NA,20,1,"PRECIOUS","NONE",13,0,"Inmet Mining Corporation","Troilus Mine","Chibougamau","Gold, copper",NA,NA,"Gold-copper (molybdenum, silver)","None","E",1999,"Corporation minière Inmet","mine Troilus","Chibougamau","Or, cuivre",NA,NA,"Or-cuivre (molybdène, argent)",NA,"Troilus Mine",0,1,20
"67",0,0,210,805,"QUEBEC","QUÉBEC",-74.2972,61.6,12,12,"RED1",NA,20,1,"BASEMETAL","NONE",12,0,"Falconbridge Limited","Raglan Mine","Ungava","Nickel, copper, cobalt",NA,NA,"Nickel-copper (cobalt, gold, silver)","None","E",1999,"Falconbridge Limitée","mine Raglan","Ungava","Nickel, cuivre, cobalt",NA,NA,"Nickel-cuivre (cobalt, or, argent)",NA,"Raglan Mine",0,1,20
"68",0,0,211,961,"QUEBEC","QUÉBEC",-77.69,49.68,13,13,"RED1",NA,15,1,"BASEMETAL","NONE",19,0,"Noranda Inc.","Bell Allard Mine","Matagami","Zinc, copper",NA,NA,"Zinc-copper (cadmium, gold, lead, silver)","None","E",1999,"Noranda Inc.","mine Bell Allard","Matagami","Zinc, cuivre",NA,NA,"Zinc-cuivre (cadmium, or, plomb, argent)",NA,"Bell Allard Mine",0,1,15
"69",0,0,215,139,"SASKATCHEWAN","SASKATCHEWAN",-103.6167,54.6833,3,3,"RED1",NA,355,1,"PRECIOUS","NONE",15,0,"Claude Resources Inc.","Seabee Mine","La Ronge","Gold",NA,NA,"Gold","None","E",1999,"Les Ressources Claude Inc.","mine Seabee","La Ronge","Or",NA,NA,"Or",NA,"Seabee Mine",0,1,355
"70",0,0,216,846,"SASKATCHEWAN","SASKATCHEWAN",-102.0619,54.6586,4,4,"RED1",NA,355,1,"BASEMETAL","NONE",23,0,"Hudson Bay Mining and Smelting Co., Limited","Konuto Lake Mine (Denare Beach)","Creighton","Copper, zinc",NA,NA,"Copper-zinc (gold, silver, cadmium)","None","E",1999,"La Compagnie Minière et Métallurgique de la Baie d'Hudson Limitée","mine Konuto Lake (Denare Beach)","Creighton","Cuivre, zinc",NA,NA,"Cuivre-zinc (or, argent, cadmium)",NA,"Konuto Lake Mine (Denare Beach)",0,1,355
"71",0,0,221,510,"YUKON TERRITORY","TERRITOIRE DU YUKON",-138.5,64,1,1,"RED1",NA,320,1,"PRECIOUS","NONE",15,0,"Viceroy Resource Corporation","Brewery Creek Mine","Dawson Creek","Gold",NA,NA,"Gold","None","E",1999,"Viceroy Resource Corporation","mine Brewery Creek","Dawson Creek","Or",NA,NA,"Or",NA,"Brewery Creek Mine",0,1,320
"72",0,0,222,511,"YUKON TERRITORY","TERRITOIRE DU YUKON",-137.15,62.05,0,0,"RED1",NA,320,0,"PRECIOUS","NONE",12,0,"B.Y.G. Natural Resources Inc.","Mt. Nansen Mine","Carmacks","Gold, silver",NA,NA,"Gold-silver","None","C",1998,"B.Y.G. Natural Resources Inc.","mine Mt. Nansen","Carmacks","Or, argent",NA,NA,"Or-argent",NA,"Mt. Nansen Mine",0,1,320
"73",0,0,223,964,"YUKON TERRITORY","TERRITOIRE DU YUKON",-133.2222,62.2694,0,0,NA,NA,325,0,"BASEMETAL","NONE",17,0,"Anvil Range Mining Corporation, Cominco Ltd. and Hyundai Corporation","Grum and Vangorda Mines","Faro","Zinc, lead, silver",NA,NA,"Zinc-lead (copper, gold, silver, tin)","None","C",1998,"Anvil Range Mining Corporation, Cominco Ltée et Hyundai Corporation","mines Grum et Vangorda","Faro","Zinc, plomb, argent",NA,NA,"Zinc-plomb (cuivre, or, argent, étain)",NA,"Grum and Vangorda Mines",0,1,325
"74",0,0,224,965,"YUKON TERRITORY","TERRITOIRE DU YUKON",-104.8333,55.4167,0,0,NA,NA,355,0,"PRECIOUS","NONE",15,0,"Cameco Corporation and Uranerz Exploration and Mining Limited","Contact Lake Mine","La Ronge","Gold",NA,NA,"Gold","None","C",1998,"Corporation Cameco et Exploration et Mines Uranerz Limitée","mine Contact Lake","La Ronge","Or",NA,NA,"Or",NA,"Contact Lake Mine",0,1,355
"75",0,0,547,970,"BRITISH COLUMBIA","COLOMBIE-BRITANNIQUE",-125.5833,49.5667,9,9,"RED1",NA,330,1,"BASEMETAL","NONE",23,0,"Boliden Limited","Myra Falls Operations","Campbell River","Copper, zinc, gold, silver",NA,NA,"Copper-zinc (gold, silver, cadmium)","None","E",1999,"Boliden Limited","exploitations Myra Falls","Campbell River","Cuivre, zinc, or, argent",NA,NA,"Cuivre-zinc (or, argent, cadmium)",NA,"Myra Falls Operations",0,1,330
