,PROVINCE,COMPANY,MINESITE,LOCATION,CITYE,CITYUP,matched,csd81,csd12,Note,location-book,csd81-book,csd12-book,latitude,longitude,source,start,end
1,NOVA SCOTIA,Yava Mines Ltd.,,Silvermines,Silvermines,SILVERMINES,0,,,Wholly owned by Barymin Explorations Limited,Cape Breton City,,1217030,45.8667,-60.4033,thediggings.com,,
2,NOVA SCOTIA,Esso Resources Canada Ltd.,,Gays River,Gays River,GAYS RIVER,0,,,oil & gas company,,,,,,,,
3,NEW BRUNSWICK,Consolidated Durham Mines & Resources Ltd.,,Lake George,Lake George,LAKE GEORGE,0,,,not exsit,,,,,,,,
4,QUEBEC,Quebec Cartier Mining Co.,,Mount Wright,Mount Wright,MOUNT WRIGHT,0,,,13 mi from Fermont,Fermont,2497770,,,,,,
5,QUEBEC,Sidbec-Normines Inc.,,Fire Lake,Fire Lake,FIRE LAKE,0,,,50 mi NE of Gagnon,Gagnon,2497740,,,,,,
6,QUEBEC,QIT-Fer et Titane Inc.,,Lac Tio,,LAC TIO,0,,,27 mi from Havre-Saint-Pierre on St Lawrence River,Havre-Saint-Pierre,2497160,,,,,,
7,QUEBEC,Lemoine Mines Ltd.,,Lemoine Twp,Lemoine Twp,LEMOINE TWP,0,,,16 mi SE of Chibougamau,Chibougamau,2498200,,,,,,
8,QUEBEC,Agnico-Eagle Mines Ltd. (Gold Division),,Joutel,Joutel,JOUTEL,0,,,Wiki says in Baie-James,Baie-James,2498400,,,,,,
9,QUEBEC,Belmoral Mines Ltd.,,Val d'or,Val d'or,VAL D'OR,1,VAL-D'OR,,,,2484180,,,,,,
10,QUEBEC,Lamaque Mining Co. Ltd.,,Val d'or,Val d'or,VAL D'OR,1,VAL-D'OR,,,,2484180,,,,,,
11,QUEBEC,Sigma Mines (Quebec) Ltd.,,Val d'or,Val d'or,VAL D'OR,1,VAL-D'OR,,,,2484180,,,,,,
12,QUEBEC,Madelein Mines Ltd.,,Ste-Anne-des-Monts,Ste-Anne-des-Monts,STE-ANNE-DES-MONTS,1,SAINTE-ANNE-DES-MONTS,,,,2403680,,,,,,
13,ONTARIO,Selco Mining Corporation Ltd.,,Uchi Lake,Uchi Lake,UCHI LAKE,0,,,"South Bay Mine, Earngey, agnew dent, Mitchell, Uchi Lake area",Mitchell,3531026,,,,,,
14,ONTARIO,Pickands Mather & Co.,The Griffith Mine,Bruce Lake,Bruce Lake,BRUCE LAKE,0,,," not exist in book, google search shows it is in Kenora district, ear falls",Ear Falls,3560032,,50 48' 52'',93 23' 10'',,,
15,ONTARIO,Falconbridge Copper Ltd,Sturgeon Lake Property,Sturgeon Lake,Sturgeon Lake,STURGEON LAKE,2,,,same as below,,,,49.87694,-90.88306,mindat,,
16,ONTARIO,Mattabi Mines Ltd.,,Sturgeon Lake,Sturgeon Lake,STURGEON LAKE,2,,,"Mattabi Mine, related to mattagami lake mines limited, and it is hard to determine the location",,,,49.87694,-90.88306,mindat,,
17,ONTARIO,Inco Metal's Company,,Shebandowan,Shebandowan,SHEBANDOWAN,0,,,SHEBANDOWAN mine,,,,48 35' 48',90 14' 52',,,
18,ONTARIO,Dome Mines Ltd.,,South Porcupine,South Porcupine,SOUTH PORCUPINE1,2,,,"Whitney & Shaw twps, city of timmins",,3556027,,48 27' 46'',81 14' 42'',,,
19,ONTARIO,Pamour Porcupine Mines Ltd.,Schumacher Mine,Schumacher,Schumacher,SCHUMACHER,0,,,"Schumacher div, Tisdale twp, Porcupine div, coordinates are for Coniaurum Mine in the same area",,3556027,,48 29' 18'',81 16' 17'',,,
20,ONTARIO,Pamour Porcupine Mines Ltd.,,Pamour,Pamour,PAMOUR,0,,,"Pamour #1 mine, Whitney town",,3556027,,48 31' 22',81 6' 54'',,,
21,ONTARIO,Pamour Porcupine Mines Ltd.,Ross mine,Holtyre,Holtyre,HOLTYRE,0,,,"hislop twp, Ramore area",,,,48 28' 42'',80 17' 7'',mindat,1934,1988
22,ONTARIO,Algoma steel Corp. Ltd. (Algoma Ore Division),,Wawa,Wawa,WAWA,0,,3557076,Holds various iron props in Algoma dist,,,,47 59' 18'',84 45' 47'',,,
23,ONTARIO,Mining Corporation of Canada Ltd.,,Palomar,Palomar,PALOMAR,0,,,Joburke,,,,48 8' 50'' North,82 16' 60'' West,mindat,,
24,ONTARIO,Kerr Addision Mines Ltd.,,Virginiatown,Virginiatown,VIRGINIATOWN,0,,,"Kerr Addision mine, McGarry twp, ",,355458,,48 8' 19'',79 34' 40'',,,
25,ONTARIO,Falconbridge Nickel Mines Ltd.,,Falconbridge,Falconbridge,FALCONBRIDGE,0,,,Falconbridge mine,,,,46 34' 47'',80 47' 42'',,1928,198406
26,ONTARIO,Chromasco Ltd.,,Haley,Haley,HALEY,0,,,Halley Mine,,,,,,,,
27,MANITOBA,Sherritt Gordon Mines Ltd.,,Fox Lake,Fox Lake,FOX LAKE,1,FOX LAKE 162,,,,,,,,,,
28,MANITOBA,Sherritt Gordon Mines Ltd.,,Ruttan Lake,Ruttan Lake,RUTTAN LAKE,0,,,,,,,56 28' 30'' North ,99 38' 13'' West,,,
29,MANITOBA,Hudson Bay Mining and Smelting Co. Ltd.,,Flin Flon,Flin Flon,FLIN FLON,1,FLIN FLON (PART),,,,4621064,,,,,,
30,MANITOBA,Tantalum Mining Corporation of Canada Ltd.,,Bernic Lake,Bernic Lake,BERNIC LAKE,0,,,,,,,50.4333 N ,95.4500 W,mindat,,
31,SASKATCHEWAN,Eldorado Nuclear Ltd.,,Uranium City,Uranium City,URANIUM CITY,1,URANIUM CITY AND DISTRICT,4718079,,,,,,,,,
32,SASKATCHEWAN,Gulf Minerals Canada Ltd.,,Wollaston Lake,Wollaston Lake,WOLLASTON LAKE,0,,,Wollaston in 2012 belongs to Ontario,Rabbit Lake,,,58 11' 52'' N,103 42' 49'' W,wiki,,
33,SASKATCHEWAN,Hudson Bay Mining and Smelting Co. Ltd.,,Flin Flon,Flin Flon,FLIN FLON,1,,,,,4718052,,,,,,
34,BRITISH COLUMBIA,Erickson Gold Mining Corp,,McDame Lake,McDame Lake,MCDAME LAKE,0,,,,,,,"59 13' 01"" N","129 40' 19"" W",minfile.gov.bc,,
35,BRITISH COLUMBIA,Noranda Mines Ltd. (Babine Lake Division),Bell and Granish Mines,Babine Lake,Babine Lake,BABINE LAKE,0,,,,,,,"54 40' 00"" N","126 25' 06"" W",,,
36,BRITISH COLUMBIA,Placer Development Ltd.,Endako Mine,Endako,Endako,ENDAKO,0,,,,,,,"54 02' 10"" N","125 06' 36"" W",minfile.gov.bc,,
37,BRITISH COLUMBIA,Mosquito Creek Gold Mining Corp. Ltd.,,Wells,Wells,WELLS,0,,5941025,,,,,53 05' 44'' N,128 53' 56'' W,minfile.gov.bc,,
38,BRITISH COLUMBIA,Wesfrob Mines Ltd.,,Tasu,Tasu,TASU,0,,,,,,,52 45' 24'' ,132 02' 36'',minfile.gov.bc,,
39,BRITISH COLUMBIA,Gibraltar Mines Ltd.,,Mcleese Lake,Mcleese Lake,MCLEESE LAKE,0,,,,,,,52 30' 48'' N,"122 18' 21"" W",minfile.gov.bc,,
40,BRITISH COLUMBIA,Noranda Mines Ltd. (Boss Mountain Div.),,Hendrix Lake,Hendrix Lake,HENDRIX LAKE,0,,,,,,,52 05' 48'' ,120 54' 27'',minfile.gov.bc,,
41,BRITISH COLUMBIA,Bethlehem Copper Corp.,,Highland Valley,Highland Valley,HIGHLAND VALLEY,0,,5917049,,,,,"50 29' 53"" N","120 59' 16"" W",minfile.gov.bc,1962,
42,BRITISH COLUMBIA,Lornex Mining Corporation Ltd.,,Highland Valley,Highland Valley,HIGHLAND VALLEY,0,,5917049,,,,,"50 27' 01"" N","121 02' 35"" W",minfile.gov.bc,1970,
43,BRITISH COLUMBIA,Western Mines Ltd.,,Myra Falls,Myra Falls,MYRA FALLS,0,,,,,,,"49 34' 03"" N","125 36' 18"" W",mindat,,
44,BRITISH COLUMBIA,Northair Mines Ltd.,,Brandywine,Brandywine,BRANDYWINE,0,,,,,,,"50 05' 01"" N","123 08' 38"" W",minfile.gov.bc,1974,
45,BRITISH COLUMBIA,Teck Corporation (Silverfields Division),,Beaverdell,Beaverdell,BEAVERDELL,0,,,,,,,49 25' 56'' N,119 03' 40'' W,minfile.gov.bc,1880,
46,YUKON TERRITORY,United Keno Hill Mines Ltd.,,Elsa,Elsa,ELSA,0,,,,,,,63.91667,-135.41667,mindat,,
47,NORTHWEST TERRITORIES,Terra Mining and Exploration Ltd.,,"Camsell River, Port Radium","Camsell River, Port Radium","CAMSELL RIVER, PORT RADIUM",1,PORT RADIUM,,,,6106055,,,,,,
48,NEWFOUNDLAND,Iron Ore Co. of Canada,NA,Schefferville,Schefferville,SCHEFFERVILLE,,,,,,2498450,,,,,,
49,NEW BRUNSWICK,Heath Steele Mines Ltd.,,Newcastle,Newcastle,NEWCASTLE,,,,Mine's name is Little River jt vent,,,,47.29083333,-66.08055556,mindat,,
50,MANITOBA,Inco Metal's Company,Thompson Mine,Thompson,Thompson,THOMPSON,,,,,,,,55.71976,-97.83531,mindat,,
51,MANITOBA,Inco Metal's Company,Pipe Mine,Thompson,Thompson,THOMPSON,,,,,,,,55.4948,-98.1546,mindat,,