PROVINCE,COMPANY,MINESITE,LOCATION,PRODUCT1,PRODUCT2,PRODUCT3,GROUP1,GROUP2,STATUS,YEAR,FCOMPANY,FMINESITE,FLOCATION,FPRODUCT1,FPRODUCT2,FPRODUCT3,FGROUP1,FGROUP2,SELECTOR,POLYGONID,SCALE,ANGLE,SMELTER,MILLING,COMP_TYPE,COMP_INT,TONNE,TON,GPMT,OPT,MTPD,TPD,OZ,POUND,METALLUGIC_DIST,METALLURGIC_SITE,COMP_TYPE,COMP_INT,CAPACITY,PROD_RATE,"PROD_COST(/oz, us dollar)",CASH_COST,ORE_MILLED,ORE_MINED,GOLD_PROD,GOLD_GRADE(OPT),GOLD_PROD_RATE,SILVER_PROD,SILVER_GRADE,SILVER_PROD_RATE,COPPER_PROD,COPPER_GRADE,COPPER_PROD_RATE,ZINC_PROD,ZINC_GRADE,ZINC_PROD_RATE,LEAD_PROD,LEAD_GRADE,LEAD_PROD_RATE,NICKEL_GRADE,URANIUM_PROD,URANIUM_GRADE,URANIUM_PROD_RATE,MOLYBDENUM_GRADE,MOLYBDENUM_PROD,SALE,BEGIN_DATE,SUSPEND_DATE,REOPEN_DATE,DURATION,CLOSE_DATE
NEWFOUNDLAND,Iron Ore Co. of Canada,,Schefferville,,,,,,,,,,,,,,,,,,,,,,,,,,,,,,,,,,,,,,,,,,,,,,,,,,,,,,,,,,,,,,,,,,,,
NEWFOUNDLAND,Iron Ore Co. of Canada,,Labrador City,,,,,,,,,,,,,,,,,,,,,,,,,,,,,,,,,,,,,,,,,,,,,,,,,,,,,,,,,,,,,,,,,,,,
NEWFOUNDLAND,Wabush Mines,,Wabush,,,,,,,,,,,,,,,,,,,,,,,,,,,,,,,,,,,,,,,,,,,,,,,,,,,,,,,,,,,,,,,,,,,,
NEWFOUNDLAND,Newfoundland Zinc Mines Ltd.,,Daniel's Harbour,,,,,,,,,,,,,,,,,,,,,,,,,,,,,,,,,,,,,,,,,,,,,,,,,,,,,,,,,,,,,,,,,,,,
NEWFOUNDLAND,Consolidated Ramber Mines Ltd.,,Baie Verte,,,,,,,,,,,,,,,,,,,,,,,,,,,,,,,,,,,,,,,,,,,,,,,,,,,,,,,,,,,,,,,,,,,,
NEWFOUNDLAND,ASARCO Incorporated,,Buchans,,,,,,,,,,,,,,,,,,,,,,,,,,,,,,,,,,,,,,,,,,,,,,,,,,,,,,,,,,,,,,,,,,,,
NOVA SCOTIA,Yava Mines Ltd.,,Silvermines,,,,,,,,,,,,,,,,,,,,,,,,,,,,,,,,,,,,,,,,,,,,,,,,,,,,,,,,,,,,,,,,,,,,
NOVA SCOTIA,Esso Resources Canada Ltd.,,Gays River,,,,,,,,,,,,,,,,,,,,,,,,,,,,,,,,,,,,,,,,,,,,,,,,,,,,,,,,,,,,,,,,,,,,
NEW BRUNSWICK,Brunswick Mining and Smelting Corp. Ltd,,Bathurst,,,,,,,,,,,,,,,,,,,,,,,,,,,,,,,,,,,,,,,,,,,,,,,,,,,,,,,,,,,,,,,,,,,,
NEW BRUNSWICK,Heath Steele Mines Ltd.,,Newcastle,,,,,,,,,,,,,,,,,,,,,,,,,,,,,,,,,,,,,,,,,,,,,,,,,,,,,,,,,,,,,,,,,,,,
NEW BRUNSWICK,Consolidated Durham Mines & Resources Ltd.,,Lake George,,,,,,,,,,,,,,,,,,,,,,,,,,,,,,,,,,,,,,,,,,,,,,,,,,,,,,,,,,,,,,,,,,,,
QUEBEC,Iron Ore Co. of Canada,,Schefferville,,,,,,,,,,,,,,,,,,,,,,,,,,,,,,,,,,,,,,,,,,,,,,,,,,,,,,,,,,,,,,,,,,,,
QUEBEC,Quebec Cartier Mining Co.,,Mount Wright,,,,,,,,,,,,,,,,,,,,,,,,,,,,,,,,,,,,,,,,,,,,,,,,,,,,,,,,,,,,,,,,,,,,
QUEBEC,Sidbec-Normines Inc.,,Fire Lake,,,,,,,,,,,,,,,,,,,,,,,,,,,,,,,,,,,,,,,,,,,,,,,,,,,,,,,,,,,,,,,,,,,,
QUEBEC,QIT-Fer et Titane Inc.,,Lac Tio,,,,,,,,,,,,,,,,,,,,,,,,,,,,,,,,,,,,,,,,,,,,,,,,,,,,,,,,,,,,,,,,,,,,
QUEBEC,Campbell Chibougamau Mines Ltd.,,Chibougamau,,,,,,,,,,,,,,,,,,,,,,,,,,,,,,,,,,,,,,,,,,,,,,,,,,,,,,,,,,,,,,,,,,,,
QUEBEC,Patino Mines (Quebect) Ltd.,,Chibougamau,,,,,,,,,,,,,,,,,,,,,,,,,,,,,,,,,,,,,,,,,,,,,,,,,,,,,,,,,,,,,,,,,,,,
QUEBEC,Falconbridge Copper Ltd. (Opemiska Division),,Chapais,,,,,,,,,,,,,,,,,,,,,,,,,,,,,,,,,,,,,,,,,,,,,,,,,,,,,,,,,,,,,,,,,,,,
QUEBEC,Lemoine Mines Ltd.,,Lemoine Twp,,,,,,,,,,,,,,,,,,,,,,,,,,,,,,,,,,,,,,,,,,,,,,,,,,,,,,,,,,,,,,,,,,,,
QUEBEC,Noranda Mines Limited,,Matagami,,,,,,,,,,,,,,,,,,,,,,,,,,,,,,,,,,,,,,,,,,,,,,,,,,,,,,,,,,,,,,,,,,,,
QUEBEC,Agnico-Eagle Mines Ltd. (Gold Division),,Joutel,,,,,,,,,,,,,,,,,,,,,,,,,,,,,,,,,,,,,,,,,,,,,,,,,,,,,,,,,,,,,,,,,,,,
QUEBEC,Falconbridge Copper Ltd. (Lake Dufault Division),,Noranda,,,,,,,,,,,,,,,,,,,,,,,,,,,,,,,,,,,,,,,,,,,,,,,,,,,,,,,,,,,,,,,,,,,,
QUEBEC,Noranda Mines Ltd. (Chadbourne Mine),,Rouyn,,,,,,,,,,,,,,,,,,,,,,,,,,,,,,,,,,,,,,,,,,,,,,,,,,,,,,,,,,,,,,,,,,,,
QUEBEC,Camflo Mines Ltd.,,Malartic,,,,,,,,,,,,,,,,,,,,,,,,,,,,,,,,,,,,,,,,,,,,,,,,,,,,,,,,,,,,,,,,,,,,
QUEBEC,Delfer Gold  mines Inc.,,Cadillac,,,,,,,,,,,,,,,,,,,,,,,,,,,,,,,,,,,,,,,,,,,,,,,,,,,,,,,,,,,,,,,,,,,,
QUEBEC,Les Mines Est-Malartic ltee,Barnat Mine,Malartic,,,,,,,,,,,,,,,,,,,,,,,,,,,,,,,,,,,,,,,,,,,,,,,,,,,,,,,,,,,,,,,,,,,,
QUEBEC,Long Lac Mineral Exploration Ltd.,Mine de Bousquet Division,Cadillac,,,,,,,,,,,,,,,,,,,,,,,,,,,,,,,,,,,,,,,,,,,,,,,,,,,,,,,,,,,,,,,,,,,,
QUEBEC,Belmoral Mines Ltd.,,Val d'or,,,,,,,,,,,,,,,,,,,,,,,,,,,,,,,,,,,,,,,,,,,,,,,,,,,,,,,,,,,,,,,,,,,,
QUEBEC,Lamaque Mining Co. Ltd.,,Val d'or,,,,,,,,,,,,,,,,,,,,,,,,,,,,,,,,,,,,,,,,,,,,,,,,,,,,,,,,,,,,,,,,,,,,
QUEBEC,Sigma Mines (Quebec) Ltd.,,Val d'or,,,,,,,,,,,,,,,,,,,,,,,,,,,,,,,,,,,,,,,,,,,,,,,,,,,,,,,,,,,,,,,,,,,,
QUEBEC,Niobec Inc.,,Chicoutimi,,,,,,,,,,,,,,,,,,,,,,,,,,,,,,,,,,,,,,,,,,,,,,,,,,,,,,,,,,,,,,,,,,,,
QUEBEC,Madelein Mines Ltd.,,Ste-Anne-des-Monts,,,,,,,,,,,,,,,,,,,,,,,,,,,,,,,,,,,,,,,,,,,,,,,,,,,,,,,,,,,,,,,,,,,,
QUEBEC,Noranda Mines Limited (Mines Gaspe Division),,Murdochville,,,,,,,,,,,,,,,,,,,,,,,,,,,,,,,,,,,,,,,,,,,,,,,,,,,,,,,,,,,,,,,,,,,,
ONTARIO,Campbell Chibougamau Mines Ltd.,,Balmertown,,,,,,,,,,,,,,,,,,,,,,,,,,,,,,,,,,,,,,,,,,,,,,,,,,,,,,,,,,,,,,,,,,,,
ONTARIO,Dickenson Mines Ltd.,,Balmertown,,,,,,,,,,,,,,,,,,,,,,,,,,,,,,,,,,,,,,,,,,,,,,,,,,,,,,,,,,,,,,,,,,,,
ONTARIO,Selco Mining Corporation Ltd.,,Uchi Lake,,,,,,,,,,,,,,,,,,,,,,,,,,,,,,,,,,,,,,,,,,,,,,,,,,,,,,,,,,,,,,,,,,,,
ONTARIO,Union Miniere Explorations and Mining Corp. Ltd,,Pickle Lake,,,,,,,,,,,,,,,,,,,,,,,,,,,,,,,,,,,,,,,,,,,,,,,,,,,,,,,,,,,,,,,,,,,,
ONTARIO,Pickands Mather & Co.,The Griffith Mine,Bruce Lake,,,,,,,,,,,,,,,,,,,,,,,,,,,,,,,,,,,,,,,,,,,,,,,,,,,,,,,,,,,,,,,,,,,,
ONTARIO,Falconbridge Copper Ltd,Sturgeon Lake Property,Sturgeon Lake,,,,,,,,,,,,,,,,,,,,,,,,,,,,,,,,,,,,,,,,,,,,,,,,,,,,,,,,,,,,,,,,,,,,
ONTARIO,Mattabi Mines Ltd.,,Sturgeon Lake,,,,,,,,,,,,,,,,,,,,,,,,,,,,,,,,,,,,,,,,,,,,,,,,,,,,,,,,,,,,,,,,,,,,
ONTARIO,Inco Metal's Company,,Shebandowan,,,,,,,,,,,,,,,,,,,,,,,,,,,,,,,,,,,,,,,,,,,,,,,,,,,,,,,,,,,,,,,,,,,,
ONTARIO,Noranda Mines Ltd. (Geco Division),,Manitouwadge,,,,,,,,,,,,,,,,,,,,,,,,,,,,,,,,,,,,,,,,,,,,,,,,,,,,,,,,,,,,,,,,,,,,
ONTARIO,Texasgulf Canada Ltd.,Kidd Creek Mine,Timmins,,,,,,,,,,,,,,,,,,,,,,,,,,,,,,,,,,,,,,,,,,,,,,,,,,,,,,,,,,,,,,,,,,,,
ONTARIO,Dome Mines Ltd.,,South Porcupine,,,,,,,,,,,,,,,,,,,,,,,,,,,,,,,,,,,,,,,,,,,,,,,,,,,,,,,,,,,,,,,,,,,,
ONTARIO,Pamour Porcupine Mines Ltd.,Schumacher Mine,Schumacher,,,,,,,,,,,,,,,,,,,,,,,,,,,,,,,,,,,,,,,,,,,,,,,,,,,,,,,,,,,,,,,,,,,,
ONTARIO,Pamour Porcupine Mines Ltd.,,Pamour,,,,,,,,,,,,,,,,,,,,,,,,,,,,,,,,,,,,,,,,,,,,,,,,,,,,,,,,,,,,,,,,,,,,
ONTARIO,Pamour Porcupine Mines Ltd.,Ross mine,Holtyre,,,,,,,,,,,,,,,,,,,,,,,,,,,,,,,,,,,,,,,,,,,,,,,,,,,,,,,,,,,,,,,,,,,,
ONTARIO,Algoma steel Corp. Ltd. (Algoma Ore Division),,Wawa,,,,,,,,,,,,,,,,,,,,,,,,,,,,,,,,,,,,,,,,,,,,,,,,,,,,,,,,,,,,,,,,,,,,
ONTARIO,Mining Corporation of Canada Ltd.,,Palomar,,,,,,,,,,,,,,,,,,,,,,,,,,,,,,,,,,,,,,,,,,,,,,,,,,,,,,,,,,,,,,,,,,,,
ONTARIO,Pamour Porcupine Mines Ltd.,,Matachewan,,,,,,,,,,,,,,,,,,,,,,,,,,,,,,,,,,,,,,,,,,,,,,,,,,,,,,,,,,,,,,,,,,,,
ONTARIO,Cliffs of Canada Ltd.,Adams Mine,Kirkland Lake,,,,,,,,,,,,,,,,,,,,,,,,,,,,,,,,,,,,,,,,,,,,,,,,,,,,,,,,,,,,,,,,,,,,
ONTARIO,Willroy Mines Ltd. (Macassa Division),,Kirkland Lake,,,,,,,,,,,,,,,,,,,,,,,,,,,,,,,,,,,,,,,,,,,,,,,,,,,,,,,,,,,,,,,,,,,,
ONTARIO,Kerr Addision Mines Ltd.,,Virginiatown,,,,,,,,,,,,,,,,,,,,,,,,,,,,,,,,,,,,,,,,,,,,,,,,,,,,,,,,,,,,,,,,,,,,
ONTARIO,Agnico-Eagle Mines Ltd. (Silver Division),,Cobalt,,,,,,,,,,,,,,,,,,,,,,,,,,,,,,,,,,,,,,,,,,,,,,,,,,,,,,,,,,,,,,,,,,,,
ONTARIO,Canadaka Mines Ltd.,,Cobalt,,,,,,,,,,,,,,,,,,,,,,,,,,,,,,,,,,,,,,,,,,,,,,,,,,,,,,,,,,,,,,,,,,,,
ONTARIO,Teck Corporation (Silverfields Division),,Cobalt,,,,,,,,,,,,,,,,,,,,,,,,,,,,,,,,,,,,,,,,,,,,,,,,,,,,,,,,,,,,,,,,,,,,
ONTARIO,Cliffs of Canada Ltd.,Sherman Mines,Temagami,,,,,,,,,,,,,,,,,,,,,,,,,,,,,,,,,,,,,,,,,,,,,,,,,,,,,,,,,,,,,,,,,,,,
ONTARIO,Denison Mines Ltd.,,Elliot Lake,,,,,,,,,,,,,,,,,,,,,,,,,,,,,,,,,,,,,,,,,,,,,,,,,,,,,,,,,,,,,,,,,,,,
ONTARIO,Rio Algom Ltd.,,Elliot Lake,,,,,,,,,,,,,,,,,,,,,,,,,,,,,,,,,,,,,,,,,,,,,,,,,,,,,,,,,,,,,,,,,,,,
ONTARIO,Agnew Lake Mines Ltd.,,Espanola,,,,,,,,,,,,,,,,,,,,,,,,,,,,,,,,,,,,,,,,,,,,,,,,,,,,,,,,,,,,,,,,,,,,
ONTARIO,Inco Metal's Company,,Sudbury,,,,,,,,,,,,,,,,,,,,,,,,,,,,,,,,,,,,,,,,,,,,,,,,,,,,,,,,,,,,,,,,,,,,
ONTARIO,Falconbridge Nickel Mines Ltd.,,Falconbridge,,,,,,,,,,,,,,,,,,,,,,,,,,,,,,,,,,,,,,,,,,,,,,,,,,,,,,,,,,,,,,,,,,,,
ONTARIO,Chromasco Ltd.,,Haley,,,,,,,,,,,,,,,,,,,,,,,,,,,,,,,,,,,,,,,,,,,,,,,,,,,,,,,,,,,,,,,,,,,,
ONTARIO,Madawaska Mines Ltd.,,Bancroft,,,,,,,,,,,,,,,,,,,,,,,,,,,,,,,,,,,,,,,,,,,,,,,,,,,,,,,,,,,,,,,,,,,,
MANITOBA,Sherritt Gordon Mines Ltd.,,Fox Lake,,,,,,,,,,,,,,,,,,,,,,,,,,,,,,,,,,,,,,,,,,,,,,,,,,,,,,,,,,,,,,,,,,,,
MANITOBA,Sherritt Gordon Mines Ltd.,,Ruttan Lake,,,,,,,,,,,,,,,,,,,,,,,,,,,,,,,,,,,,,,,,,,,,,,,,,,,,,,,,,,,,,,,,,,,,
MANITOBA,Inco Metal's Company,Thompson Mine,Thompson,,,,,,,,,,,,,,,,,,,,,,,,,,,,,,,,,,,,,,,,,,,,,,,,,,,,,,,,,,,,,,,,,,,,
MANITOBA,Inco Metal's Company,Pipe Mine,Thompson,,,,,,,,,,,,,,,,,,,,,,,,,,,,,,,,,,,,,,,,,,,,,,,,,,,,,,,,,,,,,,,,,,,,
MANITOBA,Hudson Bay Mining and Smelting Co. Ltd.,,Flin Flon,,,,,,,,,,,,,,,,,,,,,,,,,,,,,,,,,,,,,,,,,,,,,,,,,,,,,,,,,,,,,,,,,,,,
MANITOBA,Hudson Bay Mining and Smelting Co. Ltd.,,Snow Lake,,,,,,,,,,,,,,,,,,,,,,,,,,,,,,,,,,,,,,,,,,,,,,,,,,,,,,,,,,,,,,,,,,,,
MANITOBA,Tantalum Mining Corporation of Canada Ltd.,,Bernic Lake,,,,,,,,,,,,,,,,,,,,,,,,,,,,,,,,,,,,,,,,,,,,,,,,,,,,,,,,,,,,,,,,,,,,
SASKATCHEWAN,Eldorado Nuclear Ltd.,,Uranium City,,,,,,,,,,,,,,,,,,,,,,,,,,,,,,,,,,,,,,,,,,,,,,,,,,,,,,,,,,,,,,,,,,,,
SASKATCHEWAN,Gulf Minerals Canada Ltd.,,Wollaston Lake,,,,,,,,,,,,,,,,,,,,,,,,,,,,,,,,,,,,,,,,,,,,,,,,,,,,,,,,,,,,,,,,,,,,
SASKATCHEWAN,Hudson Bay Mining and Smelting Co. Ltd.,,Flin Flon,,,,,,,,,,,,,,,,,,,,,,,,,,,,,,,,,,,,,,,,,,,,,,,,,,,,,,,,,,,,,,,,,,,,
BRITISH COLUMBIA,Erickson Gold Mining Corp,,McDame Lake,,,,,,,,,,,,,,,,,,,,,,,,,,,,,,,,,,,,,,,,,,,,,,,,,,,,,,,,,,,,,,,,,,,,
BRITISH COLUMBIA,Noranda Mines Ltd. (Babine Lake Division),Bell and Granish Mines,Babine Lake,,,,,,,,,,,,,,,,,,,,,,,,,,,,,,,,,,,,,,,,,,,,,,,,,,,,,,,,,,,,,,,,,,,,
BRITISH COLUMBIA,Placer Development Ltd.,Endako Mine,Endako,,,,,,,,,,,,,,,,,,,,,,,,,,,,,,,,,,,,,,,,,,,,,,,,,,,,,,,,,,,,,,,,,,,,
BRITISH COLUMBIA,Mosquito Creek Gold Mining Corp. Ltd.,,Wells,,,,,,,,,,,,,,,,,,,,,,,,,,,,,,,,,,,,,,,,,,,,,,,,,,,,,,,,,,,,,,,,,,,,
BRITISH COLUMBIA,Wesfrob Mines Ltd.,,Tasu,,,,,,,,,,,,,,,,,,,,,,,,,,,,,,,,,,,,,,,,,,,,,,,,,,,,,,,,,,,,,,,,,,,,
BRITISH COLUMBIA,Gibraltar Mines Ltd.,,Mcleese Lake,,,,,,,,,,,,,,,,,,,,,,,,,,,,,,,,,,,,,,,,,,,,,,,,,,,,,,,,,,,,,,,,,,,,
BRITISH COLUMBIA,Noranda Mines Ltd. (Boss Mountain Div.),,Hendrix Lake,,,,,,,,,,,,,,,,,,,,,,,,,,,,,,,,,,,,,,,,,,,,,,,,,,,,,,,,,,,,,,,,,,,,
BRITISH COLUMBIA,Utah Mines Ltd.,,Port Hardy,,,,,,,,,,,,,,,,,,,,,,,,,,,,,,,,,,,,,,,,,,,,,,,,,,,,,,,,,,,,,,,,,,,,
BRITISH COLUMBIA,Afton Mines Ltd.,,Kamloops,,,,,,,,,,,,,,,,,,,,,,,,,,,,,,,,,,,,,,,,,,,,,,,,,,,,,,,,,,,,,,,,,,,,
BRITISH COLUMBIA,Bethlehem Copper Corp.,,Highland Valley,,,,,,,,,,,,,,,,,,,,,,,,,,,,,,,,,,,,,,,,,,,,,,,,,,,,,,,,,,,,,,,,,,,,
BRITISH COLUMBIA,Lornex Mining Corporation Ltd.,,Highland Valley,,,,,,,,,,,,,,,,,,,,,,,,,,,,,,,,,,,,,,,,,,,,,,,,,,,,,,,,,,,,,,,,,,,,
BRITISH COLUMBIA,Craigmont Mines Ltd.,,Merritt,,,,,,,,,,,,,,,,,,,,,,,,,,,,,,,,,,,,,,,,,,,,,,,,,,,,,,,,,,,,,,,,,,,,
BRITISH COLUMBIA,Western Mines Ltd.,,Myra Falls,,,,,,,,,,,,,,,,,,,,,,,,,,,,,,,,,,,,,,,,,,,,,,,,,,,,,,,,,,,,,,,,,,,,
BRITISH COLUMBIA,Northair Mines Ltd.,,Brandywine,,,,,,,,,,,,,,,,,,,,,,,,,,,,,,,,,,,,,,,,,,,,,,,,,,,,,,,,,,,,,,,,,,,,
BRITISH COLUMBIA,Brenda Mines Ltd.,,Peachland,,,,,,,,,,,,,,,,,,,,,,,,,,,,,,,,,,,,,,,,,,,,,,,,,,,,,,,,,,,,,,,,,,,,
BRITISH COLUMBIA,Silvana Mines Inc.,Silmonac Mine,New Denver,,,,,,,,,,,,,,,,,,,,,,,,,,,,,,,,,,,,,,,,,,,,,,,,,,,,,,,,,,,,,,,,,,,,
BRITISH COLUMBIA,Cominco Ltd.,Sullivan Mine,Kimberley,,,,,,,,,,,,,,,,,,,,,,,,,,,,,,,,,,,,,,,,,,,,,,,,,,,,,,,,,,,,,,,,,,,,
BRITISH COLUMBIA,Teck Corporation (Silverfields Division),,Beaverdell,,,,,,,,,,,,,,,,,,,,,,,,,,,,,,,,,,,,,,,,,,,,,,,,,,,,,,,,,,,,,,,,,,,,
BRITISH COLUMBIA,Newmont Mines Ltd. (Similkameen Division),,Princeton,,,,,,,,,,,,,,,,,,,,,,,,,,,,,,,,,,,,,,,,,,,,,,,,,,,,,,,,,,,,,,,,,,,,
BRITISH COLUMBIA,Dankoe Mines Ltd.,,Keremeos,,,,,,,,,,,,,,,,,,,,,,,,,,,,,,,,,,,,,,,,,,,,,,,,,,,,,,,,,,,,,,,,,,,,
YUKON TERRITORY,United Keno Hill Mines Ltd.,,Elsa,,,,,,,,,,,,,,,,,,,,,,,,,,,,,,,,,,,,,,,,,,,,,,,,,,,,,,,,,,,,,,,,,,,,
YUKON TERRITORY,Cyprus Anvil Mining Corporation ,,Faro,,,,,,,,,,,,,,,,,,,,,,,,,,,,,,,,,,,,,,,,,,,,,,,,,,,,,,,,,,,,,,,,,,,,
YUKON TERRITORY,Hudson Bay Mining and Smelting Co. Ltd.,,Whitehorse,,,,,,,,,,,,,,,,,,,,,,,,,,,,,,,,,,,,,,,,,,,,,,,,,,,,,,,,,,,,,,,,,,,,
NORTHWEST TERRITORIES,Nanisivik Mines Ltd.,,Arctic Bay,,,,,,,,,,,,,,,,,,,,,,,,,,,,,,,,,,,,,,,,,,,,,,,,,,,,,,,,,,,,,,,,,,,,
NORTHWEST TERRITORIES,Echo Bay Mines Ltd.,,Port Radium,,,,,,,,,,,,,,,,,,,,,,,,,,,,,,,,,,,,,,,,,,,,,,,,,,,,,,,,,,,,,,,,,,,,
NORTHWEST TERRITORIES,Terra Mining and Exploration Ltd.,,"Camsell River, Port Radium",,,,,,,,,,,,,,,,,,,,,,,,,,,,,,,,,,,,,,,,,,,,,,,,,,,,,,,,,,,,,,,,,,,,
NORTHWEST TERRITORIES,Canada Tungsten Mining Corp. Ltd.,,Tungsten,,,,,,,,,,,,,,,,,,,,,,,,,,,,,,,,,,,,,,,,,,,,,,,,,,,,,,,,,,,,,,,,,,,,
NORTHWEST TERRITORIES,Cominco Ltd.,Con-Rycon Mines,Yellowknife,,,,,,,,,,,,,,,,,,,,,,,,,,,,,,,,,,,,,,,,,,,,,,,,,,,,,,,,,,,,,,,,,,,,
NORTHWEST TERRITORIES,Giant Yellowknife Mines Ltd.,,Yellowknife,,,,,,,,,,,,,,,,,,,,,,,,,,,,,,,,,,,,,,,,,,,,,,,,,,,,,,,,,,,,,,,,,,,,
NORTHWEST TERRITORIES,Pine Point Mines Ltd.,,Pine Point,,,,,,,,,,,,,,,,,,,,,,,,,,,,,,,,,,,,,,,,,,,,,,,,,,,,,,,,,,,,,,,,,,,,