"Mining, quarrying, and oil and gas extraction employees in non-CMA area (2001 census)",,,
Province,non-CMA area mining count,non-CMA minig ratio,CMA area mining ratio
Newfoundland and Labrador,131,0.0096,0.9904
Prince Edward Island,6,0.0017,0.9983
Nova Scotia,67,0.0046,0.9954
New Brunswick,89,0.0046,0.9954
Quebec,399,0.0058,0.9942
Ontario,296,0.0035,0.9965
Manitoba,109,0.0094,0.9906
Saskatchewan,297,0.0202,0.9798
Alberta,1316,0.0453,0.9547
British Columbia,357,0.0083,0.9917
"Yukon Territory, Northwest Territories and Nunavut",62,0.0248,0.9752