"0","mine2015 <- read.csv(file = ""/Users/batta/Dropbox/phd4/monopsony/map/mine_distribution_2016_ca/900a_65th_producingmines.csv"" )"
"0","mine2015$CityE.C.254 <- gsub(""(^\\w*\\sof\\s)(.+)$"",""\\2"", mine2015$CityE.C.254)"
"0","# 49 cities with only one metal mine."
"0","metal.mines <- mine2015 %>% "
"0","	filter(TypeCode.N.19.11==1) %>% "
"0","	group_by(CityE.C.254) %>% "
"0","	tally %>% "
"0","	filter(n==1)"
"0","# Towns with only type of mines"
"0","metal.mines2 <- mine2015 %>% "
"0","	select(ProvAbbr.C.254, CityE.C.254, TypeCode.N.19.11) %>% "
"0","	unique() %>% "
"0","	group_by(ProvAbbr.C.254, CityE.C.254) %>% "
"0","	tally %>% "
"0","	filter(n==1)"
"0","# Towns with only one mine and the mine is metal mine. "
"0","only.one.metal.mine <- inner_join(metal.mines, metal.mines2, by = ""CityE.C.254"") %>% "
"0","	arrange(ProvAbbr.C.254, CityE.C.254) %>% "
"0","	select(ProvAbbr.C.254, CityE.C.254)"
"0","write.csv(only.one.metal.mine, ""only_one_metal_mine.csv"")"
"0","csd <- readOGR(""/Users/batta/Dropbox/phd4/monopsony/map/2011_csd_map/gcsd000b11a_e"",""gcsd000b11a_e"")"
"2","Error: could not find function ""readOGR""
"
