"0","y <- read_csv(""/Users/batta/Dropbox/phd4/monopsony/price-index/Data_Extract_From_Global_Economic_Monitor_(GEM)_Commodities/525a0cb5-9ccb-4a9b-870c-285ae75937c4_Data.csv"")"
"2","Parsed with column specification:
cols(
  .default = col_character(),
  `1960 [1960]` = col_double(),
  `1961 [1961]` = col_double(),
  `1962 [1962]` = col_double(),
  `1963 [1963]` = col_double(),
  `1964 [1964]` = col_double(),
  `1965 [1965]` = col_double(),
  `1966 [1966]` = col_double(),
  `1967 [1967]` = col_double(),
  `1968 [1968]` = col_double(),
  `1969 [1969]` = col_double(),
  `1970 [1970]` = col_double(),
  `1971 [1971]` = col_double(),
  `1972 [1972]` = col_double(),
  `1973 [1973]` = col_double(),
  `1974 [1974]` = col_double(),
  `1975 [1975]` = col_double(),
  `1976 [1976]` = col_double(),
  `1977 [1977]` = col_double(),
  `1978 [1978]` = col_double(),
  `1979 [1979]` = col_double()
  # ... with 38 more columns
)
"
"2","See spec(...) for full column specifications.
"
"0","tmp <- y"
"0","tmp <- y %>% "
"0","	select(matches(""^(\\d{4})\\s\\[(\\d{4})\\]$""))"
"0","names(tmp) <- c(1960:2016)"
"0","# adjust price unit accoding to mine grades"
"0","# 1 toz = 1.09714 oz, 1kg = 0.001mt"
"0","tmp3 <-rbind( (tmp[1:4,] *0.0321507), tmp[5:6,]*0.01, tmp[7:8,]*10, tmp[9:10,]*0.01)"
"0","tmp2 <- y %>% "
"0","	select(Series, `Series Code`) %>% "
"0","	filter(!is.na(Series))"
"0","names(tmp2) <- c(""Series"", ""Code"")"
"0","price.year <- cbind(tmp2,tmp3) "
