{"chunk_definitions":[{"chunk_id":"csetup_chunk","chunk_label":"setup","document_id":"E1F8F809","expansion_state":0,"options":{"engine":"r","include":false,"label":"setup"},"row":9,"row_count":1,"visible":true},{"chunk_id":"c0ios4fo73sw5","chunk_label":"unnamed-chunk-1","document_id":"E1F8F809","expansion_state":0,"options":{"engine":"r","label":"unnamed-chunk-2"},"row":17,"row_count":1,"visible":true},{"chunk_id":"c44maenoyldag","chunk_label":"unnamed-chunk-2","document_id":"E1F8F809","expansion_state":0,"options":{"engine":"r","label":"unnamed-chunk-88"},"row":69,"row_count":1,"visible":true},{"chunk_id":"cru7yboegenjz","chunk_label":"unnamed-chunk-3","document_id":"E1F8F809","expansion_state":0,"options":{"engine":"r","label":"unnamed-chunk-93"},"row":147,"row_count":1,"visible":true}],"default_chunk_options":{"echo":true,"error":false},"doc_write_time":1485933287,"working_dir":null}