"0","x <- read_csv(""/Users/batta/Dropbox/phd4/monopsony/map/900A_1998-2015/48th-AllPoints.csv"")"
"2","Parsed with column specification:
cols(
  .default = col_character(),
  X = col_double(),
  Y = col_double(),
  AREA = col_integer(),
  PERIMETER = col_integer(),
  PNT900A_ = col_integer(),
  PNT900A_ID = col_integer(),
  LONGITUDE = col_double(),
  LATITUDE = col_double(),
  RANKING = col_integer(),
  RANKING_SY = col_integer(),
  MARKERANGL = col_integer(),
  MAINSYMBOL = col_integer(),
  INSETSYMBO = col_integer(),
  INSETSYM_1 = col_integer(),
  POLYGONID = col_integer(),
  SCALE = col_integer(),
  ANGLE = col_integer()
)
"
"2","See spec(...) for full column specifications.
"
"0","base.mine <- x %>%"
"0","	filter(INSETNAME1 == ""BASEMETAL"")"
"0","coal.mine <- x %>% "
"0","	filter(INSETNAME1 == ""COAL"")"
"0","precious.mine <- x %>%"
"0","	filter(INSETNAME1 == ""PRECIOUS"")"
"0","metal.mine <- x %>% "
"0","	filter(INSETNAME1 == ""BASEMETAL"" | INSETNAME1 == ""PRECIOUS"" | INSETNAME1 == ""FERROUS"") %>% "
"0","	select(PROVINCE, MINESITENA,MINELOCATI,PRODUCT_ON)"
"0","oilgas.field <- x %>% "
"0","	filter(INSETNAME1 == ""OILGAS"")"
